cell_precision,cell_recall,execution_accuracy,tuple_cardinality,tuple_constraint,tuple_order,run,exec_type
0.31529819277108434,0.31511445783132536,0.045180722891566265,0.9849397590361446,0.07078313253012049,0.5301204819277109,0,NULLABLE_full
0.33129819277108435,0.33362951807228913,0.05421686746987952,0.9879518072289156,0.08338253012048193,0.552710843373494,1,NULLABLE_full
0.3203253012048192,0.32313855421686744,0.05120481927710843,0.9849397590361446,0.07660542168674699,0.5436746987951807,2,NULLABLE_full
