exec_type,cell_precision,cell_recall,execution_accuracy,tuple_cardinality,tuple_constraint,tuple_order
NORMAL_clean,4.825834324217183e-05,6.885522856387919e-05,0.0004128682785044,0.0,0.0001622348559915,1.3211784912141852e-05
NULLABLE_clean,0.0007250035704848727,0.0007048390177037915,0.0008587660192892059,1.9024970273483723e-05,0.0006852292244682259,0.00013439688201876055
