table_name,model,avg_valid_efficiency_score,avg_cell_precision,avg_cell_recall,avg_execution_accuracy,avg_tuple_cardinality,avg_tuple_constraint,avg_tuple_order
BMI,meta-llama/Llama-3.3-70B-Instruct-Turbo-Free,0.0,0.5455,0.5768076923076924,0.2692307692307692,1.0,0.37692307692307697,0.6096153846153846
energy_consumption,meta-llama/Llama-3.3-70B-Instruct-Turbo-Free,0.0,0.7413928571428572,0.7504285714285714,0.39285714285714285,1.0,0.41428571428571426,0.75
financial,meta-llama/Llama-3.3-70B-Instruct-Turbo-Free,0.0,0.5195,0.5214285714285715,0.10714285714285714,1.0,0.42857142857142855,0.7946428571428571
logistics_delivery,meta-llama/Llama-3.3-70B-Instruct-Turbo-Free,0.0,0.6564642857142857,0.6735357142857142,0.32142857142857145,1.0,0.31903571428571426,0.7125
products,meta-llama/Llama-3.3-70B-Instruct-Turbo-Free,0.0,0.5757857142857142,0.60825,0.17857142857142858,1.0,0.31428571428571433,0.7142857142857143
student_performance,meta-llama/Llama-3.3-70B-Instruct-Turbo-Free,0.0,0.70375,0.7311785714285713,0.35714285714285715,0.9642857142857143,0.35714285714285715,0.6607142857142857
