table_name,model,avg_valid_efficiency_score,avg_cell_precision,avg_cell_recall,avg_execution_accuracy,avg_tuple_cardinality,avg_tuple_constraint,avg_tuple_order
BMI,deepseek-ai/DeepSeek-R1-Distill-Llama-70B-free,0.0,0.4511538461538462,0.49796153846153846,0.11538461538461539,1.0,0.35896153846153844,0.6942307692307692
BMI,meta-llama/Llama-3.3-70B-Instruct-Turbo-Free,0.0,0.4597307692307692,0.5704615384615385,0.07692307692307693,1.0,0.4076923076923077,0.5788461538461539
financial,deepseek-ai/DeepSeek-R1-Distill-Llama-70B-free,0.0,0.3688928571428572,0.46989285714285717,0.07142857142857142,0.9642857142857143,0.3,0.5982142857142857
financial,meta-llama/Llama-3.3-70B-Instruct-Turbo-Free,0.0,0.2692857142857143,0.3623571428571429,0.03571428571428571,0.9642857142857143,0.2285714285714286,0.5214285714285715
products,deepseek-ai/DeepSeek-R1-Distill-Llama-70B-free,0.0,0.5154642857142857,0.6107857142857143,0.21428571428571427,1.0,0.46785714285714286,0.775
products,meta-llama/Llama-3.3-70B-Instruct-Turbo-Free,0.0,0.5408214285714286,0.6045,0.14285714285714285,1.0,0.4940357142857143,0.7803571428571429
