table_name,model,avg_valid_efficiency_score,avg_cell_precision,avg_cell_recall,avg_execution_accuracy,avg_tuple_cardinality,avg_tuple_constraint,avg_tuple_order
accounts_receivable,deepseek-ai/DeepSeek-R1-Distill-Llama-70B-free,0.0,0.27685714285714286,0.2274642857142857,0.0,1.0,0.0071428571428571435,0.5178571428571429
breast_cancer,deepseek-ai/DeepSeek-R1-Distill-Llama-70B-free,0.0,0.48746428571428574,0.49189285714285713,0.14285714285714285,1.0,0.15178571428571427,0.625
fitness_trakers,deepseek-ai/DeepSeek-R1-Distill-Llama-70B-free,0.0,0.3688928571428572,0.39825,0.03571428571428571,0.9642857142857143,0.03571428571428571,0.5178571428571429
heart_attack,deepseek-ai/DeepSeek-R1-Distill-Llama-70B-free,0.0,0.44721428571428573,0.43739285714285714,0.03571428571428571,0.9642857142857143,0.1285714285714286,0.6071428571428571
mobiles,deepseek-ai/DeepSeek-R1-Distill-Llama-70B-free,0.0,0.41867857142857146,0.3932857142857143,0.07142857142857142,0.9642857142857143,0.1357142857142857,0.5535714285714286
olympic_games,deepseek-ai/DeepSeek-R1-Distill-Llama-70B-free,0.0,0.31174999999999997,0.31174999999999997,0.0,1.0,0.0,0.5
