table,model,avg_valid_efficiency_score,avg_cell_precision,avg_cell_recall,avg_execution_accuracy,avg_tuple_cardinality,avg_tuple_constraint,avg_tuple_order
accounts_receivable,gpt-5_mini,0.0,0.37825,0.3759642857142857,0.07142857142857142,1.0,0.31071428571428567,0.7589285714285714
breast_cancer,gpt-5_mini,0.0,0.807962962962963,0.8368518518518518,0.48148148148148145,1.0,0.5407407407407407,0.7962962962962963
fitness_trakers,gpt-5_mini,0.0,0.5903214285714286,0.6125357142857143,0.10714285714285714,0.9642857142857143,0.19525,0.5964285714285714
heart_attack,gpt-5_mini,0.0,0.8396428571428572,0.831857142857143,0.39285714285714285,0.9642857142857143,0.4785714285714286,0.8214285714285714
mobiles,gpt-5_mini,0.0,0.7917857142857143,0.7700357142857143,0.5714285714285714,1.0,0.7214285714285714,0.8464285714285714
olympic_games,gpt-5_mini,0.0,0.9465,0.9465,0.75,1.0,0.95,1.0
