table_name,model,avg_valid_efficiency_score,avg_cell_precision,avg_cell_recall,avg_execution_accuracy,avg_tuple_cardinality,avg_tuple_constraint,avg_tuple_order
dataset_animali,deepseek-ai/DeepSeek-R1-Distill-Llama-70B-free,0.0,0.6607142857142857,0.6835357142857142,0.14285714285714285,0.8714285714285713,0.3079642857142857,0.6883392857142857
dataset_animali,meta-llama/Llama-3.3-70B-Instruct-Turbo-Free,0.0,0.7863214285714285,0.8588571428571429,0.07142857142857142,1.0,0.5215357142857143,0.7705178571428571
dataset_auto,deepseek-ai/DeepSeek-R1-Distill-Llama-70B-free,0.0,0.7113571428571428,0.7240357142857142,0.25,0.8928571428571429,0.6197857142857143,0.7408214285714285
dataset_auto,meta-llama/Llama-3.3-70B-Instruct-Turbo-Free,0.0,0.81325,0.8165714285714286,0.17857142857142858,0.9642857142857143,0.5206428571428571,0.7748392857142857
dataset_film_famosi,deepseek-ai/DeepSeek-R1-Distill-Llama-70B-free,0.0,0.6923214285714286,0.7263928571428571,0.21428571428571427,0.9285714285714286,0.5604285714285714,0.7509642857142858
dataset_film_famosi,meta-llama/Llama-3.3-70B-Instruct-Turbo-Free,0.0,0.7297857142857144,0.75375,0.17857142857142858,1.0,0.48414285714285715,0.7895714285714286
monumenti_reali,deepseek-ai/DeepSeek-R1-Distill-Llama-70B-free,0.0,0.7220000000000001,0.735,0.25,0.8928571428571429,0.6928571428571428,0.8111785714285714
monumenti_reali,meta-llama/Llama-3.3-70B-Instruct-Turbo-Free,0.0,0.7226428571428573,0.7812857142857144,0.07142857142857142,1.0,0.5091071428571429,0.7992142857142858
