table,model,avg_valid_efficiency_score,avg_cell_precision,avg_cell_recall,avg_execution_accuracy,avg_tuple_cardinality,avg_tuple_constraint,avg_tuple_order
albums,gpt-5_mini,0.0,0.6006111111111111,0.6171666666666666,0.3333333333333333,1.0,0.4222222222222222,0.8055555555555556
artists,gpt-5_mini,0.0,0.41524999999999995,0.4110833333333333,0.3333333333333333,1.0,0.3833333333333333,0.75
tracks,gpt-5_mini,0.0,0.5289,0.5788333333333333,0.13333333333333333,1.0,0.23,0.6533333333333334
