table_name,model,avg_valid_efficiency_score,avg_cell_precision,avg_cell_recall,avg_execution_accuracy,avg_tuple_cardinality,avg_tuple_constraint,avg_tuple_order
dataset_animali,deepseek-ai/DeepSeek-R1-Distill-Llama-70B-free,0.0,0.44492857142857145,0.42182142857142857,0.0,1.0,0.07132142857142858,0.6964285714285714
dataset_animali,meta-llama/Llama-3.3-70B-Instruct-Turbo-Free,0.0,0.39767857142857144,0.39121428571428574,0.0,0.9642857142857143,0.06228571428571429,0.6428571428571429
dataset_auto,deepseek-ai/DeepSeek-R1-Distill-Llama-70B-free,0.0,0.4524642857142857,0.489,0.0,0.8892857142857142,0.13714285714285715,0.6625
dataset_auto,meta-llama/Llama-3.3-70B-Instruct-Turbo-Free,0.0,0.54275,0.4817857142857143,0.0,1.0,0.11675,0.6360178571428571
dataset_film_famosi,deepseek-ai/DeepSeek-R1-Distill-Llama-70B-free,0.0,0.47210714285714284,0.4998214285714286,0.07142857142857142,1.0,0.33171428571428574,0.713125
dataset_film_famosi,meta-llama/Llama-3.3-70B-Instruct-Turbo-Free,0.0,0.5052142857142857,0.4671071428571429,0.0,1.0,0.24028571428571427,0.7214285714285714
monumenti_reali,deepseek-ai/DeepSeek-R1-Distill-Llama-70B-free,0.0,0.3909285714285714,0.42907142857142855,0.0,1.0,0.15832142857142856,0.7107142857142856
monumenti_reali,meta-llama/Llama-3.3-70B-Instruct-Turbo-Free,0.0,0.3692857142857143,0.36560714285714285,0.0,1.0,0.16507142857142856,0.6927321428571428
