table_name,model,avg_valid_efficiency_score,avg_cell_precision,avg_cell_recall,avg_execution_accuracy,avg_tuple_cardinality,avg_tuple_constraint,avg_tuple_order
dataset_animali,deepseek-ai/DeepSeek-R1-Distill-Llama-70B-free,0.0,0.40039285714285716,0.3767142857142857,0.0,1.0,0.0904642857142857,0.6607142857142857
dataset_animali,meta-llama/Llama-3.3-70B-Instruct-Turbo-Free,0.0,0.3525714285714286,0.35760714285714285,0.0,1.0,0.05,0.6071428571428571
dataset_auto,deepseek-ai/DeepSeek-R1-Distill-Llama-70B-free,0.0,0.3837857142857143,0.38625,0.0,0.9642857142857143,0.09403571428571429,0.6071428571428571
dataset_auto,meta-llama/Llama-3.3-70B-Instruct-Turbo-Free,0.0,0.44092857142857145,0.33049999999999996,0.0,1.0,0.04285714285714286,0.6517857142857143
dataset_film_famosi,deepseek-ai/DeepSeek-R1-Distill-Llama-70B-free,0.0,0.40275,0.4193928571428572,0.10714285714285714,0.9285714285714286,0.28750000000000003,0.7678571428571429
dataset_film_famosi,meta-llama/Llama-3.3-70B-Instruct-Turbo-Free,0.0,0.4347142857142857,0.39035714285714285,0.0,1.0,0.20892857142857144,0.6946428571428571
monumenti_reali,deepseek-ai/DeepSeek-R1-Distill-Llama-70B-free,0.0,0.333,0.3314285714285714,0.10714285714285714,1.0,0.19285714285714287,0.6803571428571429
monumenti_reali,meta-llama/Llama-3.3-70B-Instruct-Turbo-Free,0.0,0.28760714285714284,0.30264285714285716,0.0,1.0,0.07142857142857142,0.5892857142857143
