table,model,avg_valid_efficiency_score,avg_cell_precision,avg_cell_recall,avg_execution_accuracy,avg_tuple_cardinality,avg_tuple_constraint,avg_tuple_order
albums,deepseek-ai/DeepSeek-R1-Distill-Llama-70B-free,0.0,0.4000000000000001,0.4000000000000001,0.0,1.0,0.4000000000000001,1.0
albums,meta-llama/Llama-3.3-70B-Instruct-Turbo-Free,0.0,0.5333333333333333,0.5333333333333333,0.0,1.0,0.5333333333333333,1.0
artists,deepseek-ai/DeepSeek-R1-Distill-Llama-70B-free,0.0,0.13333333333333333,0.13333333333333333,0.0,1.0,0.13333333333333333,1.0
artists,meta-llama/Llama-3.3-70B-Instruct-Turbo-Free,0.0,0.26666666666666666,0.26666666666666666,0.0,1.0,0.26666666666666666,1.0
tracks,deepseek-ai/DeepSeek-R1-Distill-Llama-70B-free,0.0,0.45600000000000007,0.5332,0.0,0.8976,0.22820000000000001,0.8976
tracks,meta-llama/Llama-3.3-70B-Instruct-Turbo-Free,0.0,0.34479999999999994,0.5272,0.0,0.8834,0.18819999999999998,0.8834
