table,model,avg_valid_efficiency_score,avg_cell_precision,avg_cell_recall,avg_execution_accuracy,avg_tuple_cardinality,avg_tuple_constraint,avg_tuple_order
BMI,Gemini-2.5-Flash,0.0,0.7600769230769231,0.7660384615384616,0.6538461538461539,0.9615384615384616,0.7230769230769231,0.8538461538461538
energy_consumption,Gemini-2.5-Flash,0.0,0.9592142857142857,0.9491428571428572,0.75,0.9857142857142858,0.8714285714285713,0.9142857142857144
financial,Gemini-2.5-Flash,0.0,0.8557499999999999,0.8548928571428572,0.7142857142857143,1.0,0.8428571428571429,0.8910714285714285
logistics_delivery,Gemini-2.5-Flash,0.0,0.8250357142857142,0.7843928571428572,0.6428571428571429,1.0,0.6690357142857143,0.9107142857142857
products,Gemini-2.5-Flash,0.0,0.9814642857142858,0.9877142857142857,0.8571428571428571,1.0,0.8785714285714287,0.9642857142857143
student_performance,Gemini-2.5-Flash,0.0,0.9398928571428572,0.9260714285714285,0.7857142857142857,1.0,0.8571428571428571,0.9214285714285715
