table_name,model,avg_valid_efficiency_score,avg_cell_precision,avg_cell_recall,avg_execution_accuracy,avg_tuple_cardinality,avg_tuple_constraint,avg_tuple_order
dataset_animali,deepseek-ai/DeepSeek-R1-Distill-Llama-70B-free,0.0,0.6835652173913044,0.7033695652173912,0.34782608695652173,1.0,0.5130434782608696,0.8195652173913044
dataset_animali,meta-llama/Llama-3.3-70B-Instruct-Turbo-Free,0.0,0.651804347826087,0.7089782608695652,0.06521739130434782,1.0,0.4782608695652174,0.8684782608695653
dataset_auto,deepseek-ai/DeepSeek-R1-Distill-Llama-70B-free,0.0,0.7483043478260869,0.7403695652173914,0.5,1.0,0.616304347826087,0.8967391304347826
dataset_auto,meta-llama/Llama-3.3-70B-Instruct-Turbo-Free,0.0,0.6613695652173913,0.754304347826087,0.2391304347826087,1.0,0.46556521739130435,0.7347826086956522
dataset_film_famosi,deepseek-ai/DeepSeek-R1-Distill-Llama-70B-free,0.0,0.5874782608695652,0.6317826086956522,0.32608695652173914,1.0,0.47389130434782606,0.8108695652173913
dataset_film_famosi,meta-llama/Llama-3.3-70B-Instruct-Turbo-Free,0.0,0.6986739130434784,0.7487391304347826,0.3695652173913043,0.9782608695652174,0.5826086956521739,0.8282608695652174
monumenti_reali,deepseek-ai/DeepSeek-R1-Distill-Llama-70B-free,0.0,0.6345869565217391,0.6561086956521739,0.3695652173913043,0.9565217391304348,0.5967391304347825,0.691304347826087
monumenti_reali,meta-llama/Llama-3.3-70B-Instruct-Turbo-Free,0.0,0.6341304347826088,0.6842826086956522,0.10869565217391304,1.0,0.46847826086956523,0.691304347826087
