table_name,model,avg_valid_efficiency_score,avg_cell_precision,avg_cell_recall,avg_execution_accuracy,avg_tuple_cardinality,avg_tuple_constraint,avg_tuple_order
dataset_animali,deepseek-ai/DeepSeek-R1-Distill-Llama-70B-free,0.0,0.3024782608695652,0.3164130434782609,0.0,1.0,0.04636956521739131,0.5543478260869565
dataset_animali,meta-llama/Llama-3.3-70B-Instruct-Turbo-Free,0.0,0.27252173913043476,0.27506521739130435,0.0,1.0,0.004347826086956522,0.5108695652173914
dataset_auto,deepseek-ai/DeepSeek-R1-Distill-Llama-70B-free,0.0,0.3626086956521739,0.38669565217391305,0.021739130434782608,1.0,0.1322391304347826,0.6217391304347827
dataset_auto,meta-llama/Llama-3.3-70B-Instruct-Turbo-Free,0.0,0.32467391304347826,0.374,0.0,1.0,0.10180434782608695,0.6228260869565218
dataset_film_famosi,deepseek-ai/DeepSeek-R1-Distill-Llama-70B-free,0.0,0.4041739130434782,0.44765217391304346,0.043478260869565216,1.0,0.19130434782608696,0.6782608695652174
dataset_film_famosi,meta-llama/Llama-3.3-70B-Instruct-Turbo-Free,0.0,0.29156521739130437,0.3500869565217391,0.0,1.0,0.14782608695652175,0.6554347826086956
monumenti_reali,deepseek-ai/DeepSeek-R1-Distill-Llama-70B-free,0.0,0.27252173913043476,0.2994782608695652,0.0,0.9782608695652174,0.09456521739130436,0.6086956521739131
monumenti_reali,meta-llama/Llama-3.3-70B-Instruct-Turbo-Free,0.0,0.2637826086956522,0.288304347826087,0.0,1.0,0.05217391304347826,0.5641304347826087
