table_name,model,avg_valid_efficiency_score,avg_cell_precision,avg_cell_recall,avg_execution_accuracy,avg_tuple_cardinality,avg_tuple_constraint,avg_tuple_order
BMI,deepseek-ai/DeepSeek-R1-Distill-Llama-70B-free,0.0,0.6383846153846153,0.7,0.34615384615384615,1.0,0.5153846153846154,0.875
BMI,meta-llama/Llama-3.3-70B-Instruct-Turbo-Free,0.0,0.6,0.7118461538461538,0.2692307692307692,1.0,0.5461538461538462,0.7673076923076922
financial,deepseek-ai/DeepSeek-R1-Distill-Llama-70B-free,0.0,0.5999642857142857,0.7346785714285715,0.25,1.0,0.5071428571428572,0.7089285714285715
financial,meta-llama/Llama-3.3-70B-Instruct-Turbo-Free,0.0,0.4835,0.6791071428571429,0.14285714285714285,1.0,0.39285714285714285,0.6124999999999999
products,deepseek-ai/DeepSeek-R1-Distill-Llama-70B-free,0.0,0.7454285714285714,0.7851428571428573,0.4642857142857143,0.9928571428571429,0.65,0.85
products,meta-llama/Llama-3.3-70B-Instruct-Turbo-Free,0.0,0.5631071428571428,0.7198928571428571,0.21428571428571427,1.0,0.39285714285714285,0.6821428571428572
