table_name,model,avg_valid_efficiency_score,avg_cell_precision,avg_cell_recall,avg_execution_accuracy,avg_tuple_cardinality,avg_tuple_constraint,avg_tuple_order
BMI,meta-llama/Llama-3.3-70B-Instruct-Turbo-Free,0.0,0.24330769230769228,0.2518076923076923,0.0,1.0,0.038461538461538464,0.5
energy_consumption,meta-llama/Llama-3.3-70B-Instruct-Turbo-Free,0.0,0.5031071428571429,0.5019285714285714,0.10714285714285714,1.0,0.14285714285714285,0.5892857142857143
financial,meta-llama/Llama-3.3-70B-Instruct-Turbo-Free,0.0,0.20757142857142855,0.19999999999999998,0.0,0.9642857142857143,0.049999999999999996,0.49107142857142855
logistics_delivery,meta-llama/Llama-3.3-70B-Instruct-Turbo-Free,0.0,0.3627142857142857,0.36796428571428574,0.07142857142857142,1.0,0.09999999999999999,0.5535714285714286
products,meta-llama/Llama-3.3-70B-Instruct-Turbo-Free,0.0,0.2659285714285714,0.2894285714285715,0.0,1.0,0.021428571428571432,0.5357142857142857
student_performance,meta-llama/Llama-3.3-70B-Instruct-Turbo-Free,0.0,0.43610714285714286,0.4481428571428571,0.07142857142857142,1.0,0.09999999999999999,0.5714285714285714
