table_name,model,avg_valid_efficiency_score,avg_cell_precision,avg_cell_recall,avg_execution_accuracy,avg_tuple_cardinality,avg_tuple_constraint,avg_tuple_order
dataset_animali,deepseek-ai/DeepSeek-R1-Distill-Llama-70B-free,0.0,0.7277142857142858,0.7002857142857143,0.07142857142857142,0.865,0.33875,0.6358214285714286
dataset_animali,meta-llama/Llama-3.3-70B-Instruct-Turbo-Free,0.0,0.7595357142857143,0.8261428571428571,0.0,0.8705714285714284,0.5266428571428572,0.7156428571428571
dataset_auto,deepseek-ai/DeepSeek-R1-Distill-Llama-70B-free,0.0,0.5019642857142858,0.5245357142857142,0.07142857142857142,0.568,0.41821428571428576,0.5331428571428571
dataset_auto,meta-llama/Llama-3.3-70B-Instruct-Turbo-Free,0.0,0.6038214285714286,0.6779999999999999,0.03571428571428571,0.6788214285714285,0.41446428571428573,0.5819821428571429
dataset_film_famosi,deepseek-ai/DeepSeek-R1-Distill-Llama-70B-free,0.0,0.7926428571428571,0.7720357142857143,0.14285714285714285,0.8791428571428571,0.6213214285714285,0.6965535714285714
dataset_film_famosi,meta-llama/Llama-3.3-70B-Instruct-Turbo-Free,0.0,0.5879285714285715,0.6358571428571428,0.07142857142857142,0.6547499999999999,0.37639285714285714,0.5194642857142857
monumenti_reali,deepseek-ai/DeepSeek-R1-Distill-Llama-70B-free,0.0,0.6504642857142857,0.6617857142857143,0.03571428571428571,0.8365714285714285,0.5102857142857143,0.7136785714285715
monumenti_reali,meta-llama/Llama-3.3-70B-Instruct-Turbo-Free,0.0,0.6308571428571429,0.6854642857142857,0.0,0.7634285714285713,0.48574999999999996,0.6247857142857143
