table_name,model,avg_valid_efficiency_score,avg_cell_precision,avg_cell_recall,avg_execution_accuracy,avg_tuple_cardinality,avg_tuple_constraint,avg_tuple_order
BMI,deepseek-ai/DeepSeek-R1-Distill-Llama-70B-free,0.0,0.5629444444444445,0.5797777777777777,0.16666666666666666,1.0,0.2962777777777778,0.7777777777777778
BMI,meta-llama/Llama-3.3-70B-Instruct-Turbo-Free,0.0,0.47277777777777774,0.6383888888888889,0.2777777777777778,1.0,0.3222222222222222,0.6555555555555556
financial,deepseek-ai/DeepSeek-R1-Distill-Llama-70B-free,0.0,0.39564285714285713,0.5915,0.0,1.0,0.2285714285714286,0.6428571428571429
financial,meta-llama/Llama-3.3-70B-Instruct-Turbo-Free,0.0,0.38885714285714285,0.587,0.0,1.0,0.32857142857142857,0.6607142857142857
products,deepseek-ai/DeepSeek-R1-Distill-Llama-70B-free,0.0,0.35721428571428576,0.48071428571428576,0.07142857142857142,1.0,0.3023571428571429,0.75
products,meta-llama/Llama-3.3-70B-Instruct-Turbo-Free,0.0,0.2952857142857143,0.46335714285714286,0.07142857142857142,1.0,0.20714285714285716,0.75
