table_name,model,avg_valid_efficiency_score,avg_cell_precision,avg_cell_recall,avg_execution_accuracy,avg_tuple_cardinality,avg_tuple_constraint,avg_tuple_order
BMI,deepseek-ai/DeepSeek-R1-Distill-Llama-70B-free,0.0,0.45234615384615384,0.4950769230769231,0.11538461538461539,1.0,0.4102692307692308,0.6961538461538462
BMI,meta-llama/Llama-3.3-70B-Instruct-Turbo-Free,0.0,0.5529230769230769,0.615423076923077,0.19230769230769232,1.0,0.49230769230769234,0.6115384615384616
financial,deepseek-ai/DeepSeek-R1-Distill-Llama-70B-free,0.0,0.3529285714285714,0.45403571428571426,0.07142857142857142,1.0,0.2571428571428572,0.6285714285714287
financial,meta-llama/Llama-3.3-70B-Instruct-Turbo-Free,0.0,0.3806428571428571,0.49160714285714285,0.03571428571428571,1.0,0.2571428571428572,0.6714285714285715
products,deepseek-ai/DeepSeek-R1-Distill-Llama-70B-free,0.0,0.5557857142857142,0.6454285714285714,0.21428571428571427,1.0,0.47975,0.7714285714285715
products,meta-llama/Llama-3.3-70B-Instruct-Turbo-Free,0.0,0.4910357142857143,0.5366785714285714,0.10714285714285714,1.0,0.2928571428571428,0.7035714285714285
