table_name,model,avg_valid_efficiency_score,avg_cell_precision,avg_cell_recall,avg_execution_accuracy,avg_tuple_cardinality,avg_tuple_constraint,avg_tuple_order
BMI,deepseek-ai/DeepSeek-R1-Distill-Llama-70B-free,0.0,0.25811538461538464,0.24803846153846154,0.0,1.0,0.007692307692307693,0.5192307692307693
BMI,meta-llama/Llama-3.3-70B-Instruct-Turbo-Free,0.0,0.26319230769230767,0.28573076923076923,0.0,1.0,0.023076923076923075,0.5192307692307693
financial,deepseek-ai/DeepSeek-R1-Distill-Llama-70B-free,0.0,0.20392857142857143,0.2599642857142857,0.0,1.0,0.014285714285714287,0.5357142857142857
financial,meta-llama/Llama-3.3-70B-Instruct-Turbo-Free,0.0,0.20439285714285713,0.26221428571428573,0.0,1.0,0.049999999999999996,0.5160714285714285
products,deepseek-ai/DeepSeek-R1-Distill-Llama-70B-free,0.0,0.2666428571428571,0.2631071428571429,0.0,1.0,0.05714285714285715,0.5285714285714286
products,meta-llama/Llama-3.3-70B-Instruct-Turbo-Free,0.0,0.29728571428571426,0.29674999999999996,0.0,1.0,0.15714285714285717,0.5535714285714286
