table_name,model,avg_valid_efficiency_score,avg_cell_precision,avg_cell_recall,avg_execution_accuracy,avg_tuple_cardinality,avg_tuple_constraint,avg_tuple_order
dataset_animali,deepseek-ai/DeepSeek-R1-Distill-Llama-70B-free,0.0,0.7271785714285715,0.6089285714285715,0.17857142857142858,0.7260714285714285,0.3919642857142857,0.5797321428571429
dataset_animali,meta-llama/Llama-3.3-70B-Instruct-Turbo-Free,0.0,0.8824285714285713,0.9472857142857143,0.32142857142857145,0.9385714285714286,0.5847142857142857,0.729125
dataset_auto,deepseek-ai/DeepSeek-R1-Distill-Llama-70B-free,0.0,0.45353571428571426,0.4089285714285714,0.10714285714285714,0.4072857142857143,0.27914285714285714,0.4150714285714286
dataset_auto,meta-llama/Llama-3.3-70B-Instruct-Turbo-Free,0.0,0.46032142857142855,0.4605,0.25,0.4531428571428572,0.4034285714285714,0.44407142857142856
dataset_film_famosi,deepseek-ai/DeepSeek-R1-Distill-Llama-70B-free,0.0,0.70075,0.6568571428571428,0.25,0.69375,0.5596071428571429,0.605875
dataset_film_famosi,meta-llama/Llama-3.3-70B-Instruct-Turbo-Free,0.0,0.7584285714285715,0.7757142857142857,0.2857142857142857,0.7772857142857142,0.4582857142857143,0.618375
monumenti_reali,deepseek-ai/DeepSeek-R1-Distill-Llama-70B-free,0.0,0.5203928571428571,0.5624285714285715,0.0,0.6402142857142856,0.4253214285714286,0.5509285714285714
monumenti_reali,meta-llama/Llama-3.3-70B-Instruct-Turbo-Free,0.0,0.7067500000000001,0.8053928571428571,0.0,0.8034642857142857,0.5280357142857143,0.6449285714285714
