table_name,model,avg_valid_efficiency_score,avg_cell_precision,avg_cell_recall,avg_execution_accuracy,avg_tuple_cardinality,avg_tuple_constraint,avg_tuple_order
dataset_animali,deepseek-ai/DeepSeek-R1-Distill-Llama-70B-free,0.0,0.7944347826086956,0.8087608695652174,0.3695652173913043,1.0,0.6503478260869565,0.8086956521739131
dataset_animali,meta-llama/Llama-3.3-70B-Instruct-Turbo-Free,0.0,0.7227826086956521,0.8282173913043478,0.2391304347826087,1.0,0.5144782608695653,0.7793478260869565
dataset_auto,deepseek-ai/DeepSeek-R1-Distill-Llama-70B-free,0.0,0.8095,0.8169782608695653,0.5652173913043478,1.0,0.7543478260869566,0.9010869565217392
dataset_auto,meta-llama/Llama-3.3-70B-Instruct-Turbo-Free,0.0,0.7062391304347827,0.8294999999999999,0.391304347826087,1.0,0.5826086956521739,0.7391304347826086
dataset_film_famosi,deepseek-ai/DeepSeek-R1-Distill-Llama-70B-free,0.0,0.726086956521739,0.7317826086956521,0.4782608695652174,1.0,0.6543478260869565,0.8402173913043478
dataset_film_famosi,meta-llama/Llama-3.3-70B-Instruct-Turbo-Free,0.0,0.7711956521739131,0.8294565217391304,0.3695652173913043,1.0,0.591304347826087,0.7923913043478261
monumenti_reali,deepseek-ai/DeepSeek-R1-Distill-Llama-70B-free,0.0,0.7315,0.7718478260869566,0.391304347826087,1.0,0.6206521739130435,0.8402173913043478
monumenti_reali,meta-llama/Llama-3.3-70B-Instruct-Turbo-Free,0.0,0.7054130434782608,0.7811521739130435,0.21739130434782608,1.0,0.5391304347826087,0.7195652173913044
