table_name,model,avg_valid_efficiency_score,avg_cell_precision,avg_cell_recall,avg_execution_accuracy,avg_tuple_cardinality,avg_tuple_constraint,avg_tuple_order
BMI,deepseek-ai/DeepSeek-R1-Distill-Llama-70B-free,0.0,0.46699999999999997,0.5473846153846155,0.15384615384615385,1.0,0.4,0.698076923076923
BMI,meta-llama/Llama-3.3-70B-Instruct-Turbo-Free,0.0,0.556923076923077,0.6183846153846153,0.2692307692307692,1.0,0.5,0.6019230769230769
financial,deepseek-ai/DeepSeek-R1-Distill-Llama-70B-free,0.0,0.43685714285714283,0.4975357142857143,0.03571428571428571,0.9642857142857143,0.37142857142857144,0.6785714285714286
financial,meta-llama/Llama-3.3-70B-Instruct-Turbo-Free,0.0,0.40967857142857145,0.5103571428571428,0.03571428571428571,1.0,0.2714285714285714,0.6410714285714285
products,deepseek-ai/DeepSeek-R1-Distill-Llama-70B-free,0.0,0.5537500000000001,0.6316071428571428,0.17857142857142858,1.0,0.4654642857142857,0.7999999999999999
products,meta-llama/Llama-3.3-70B-Instruct-Turbo-Free,0.0,0.47489285714285717,0.5650000000000001,0.14285714285714285,1.0,0.33571428571428574,0.7035714285714285
