table_name,model,avg_valid_efficiency_score,avg_cell_precision,avg_cell_recall,avg_execution_accuracy,avg_tuple_cardinality,avg_tuple_constraint,avg_tuple_order
BMI,deepseek-ai/DeepSeek-R1-Distill-Llama-70B-free,0.0,0.22876923076923075,0.24638461538461537,0.0,1.0,0.015384615384615385,0.5384615384615384
BMI,meta-llama/Llama-3.3-70B-Instruct-Turbo-Free,0.0,0.24423076923076922,0.26034615384615384,0.0,1.0,0.0,0.5
financial,deepseek-ai/DeepSeek-R1-Distill-Llama-70B-free,0.0,0.19614285714285715,0.20392857142857143,0.0,0.9642857142857143,0.03571428571428571,0.5535714285714286
financial,meta-llama/Llama-3.3-70B-Instruct-Turbo-Free,0.0,0.20900000000000002,0.23117857142857143,0.0,1.0,0.049999999999999996,0.5232142857142857
products,deepseek-ai/DeepSeek-R1-Distill-Llama-70B-free,0.0,0.26457142857142857,0.2694642857142857,0.0,1.0,0.0642857142857143,0.5803571428571429
products,meta-llama/Llama-3.3-70B-Instruct-Turbo-Free,0.0,0.26735714285714285,0.2671428571428572,0.0,1.0,0.1142857142857143,0.5803571428571429
