table_name,model,avg_valid_efficiency_score,avg_cell_precision,avg_cell_recall,avg_execution_accuracy,avg_tuple_cardinality,avg_tuple_constraint,avg_tuple_order
dataset_animali,deepseek-ai/DeepSeek-R1-Distill-Llama-70B-free,0.0,0.3491071428571429,0.3294642857142857,0.0,1.0,0.021428571428571432,0.5178571428571429
dataset_animali,meta-llama/Llama-3.3-70B-Instruct-Turbo-Free,0.0,0.38139285714285714,0.36060714285714285,0.0,1.0,0.021428571428571432,0.5178571428571429
dataset_auto,deepseek-ai/DeepSeek-R1-Distill-Llama-70B-free,0.0,0.4204642857142857,0.4321785714285714,0.0,0.9571428571428572,0.026178571428571433,0.5
dataset_auto,meta-llama/Llama-3.3-70B-Instruct-Turbo-Free,0.0,0.34032142857142855,0.39814285714285713,0.03571428571428571,1.0,0.09999999999999999,0.5
dataset_film_famosi,deepseek-ai/DeepSeek-R1-Distill-Llama-70B-free,0.0,0.26142857142857145,0.24889285714285717,0.0,1.0,0.09285714285714286,0.525
dataset_film_famosi,meta-llama/Llama-3.3-70B-Instruct-Turbo-Free,0.0,0.3301071428571429,0.4337142857142857,0.0,1.0,0.21428571428571427,0.5535714285714286
monumenti_reali,deepseek-ai/DeepSeek-R1-Distill-Llama-70B-free,0.0,0.22421428571428573,0.20585714285714288,0.0,1.0,0.07857142857142858,0.5178571428571429
monumenti_reali,meta-llama/Llama-3.3-70B-Instruct-Turbo-Free,0.0,0.3464285714285714,0.3688571428571429,0.03571428571428571,1.0,0.15714285714285717,0.5
