table,model,avg_valid_efficiency_score,avg_cell_precision,avg_cell_recall,avg_execution_accuracy,avg_tuple_cardinality,avg_tuple_constraint,avg_tuple_order
BMI,gemini-2.5_flash,0.0,0.7040769230769232,0.7027692307692307,0.6538461538461539,1.0,0.6923076923076923,0.8653846153846154
energy_consumption,gemini-2.5_flash,0.0,0.9439642857142857,0.9002857142857142,0.6785714285714286,0.9928571428571429,0.7571428571428571,0.8785714285714287
financial,gemini-2.5_flash,0.0,0.7312857142857142,0.7279285714285715,0.5,1.0,0.7285714285714285,0.8553571428571428
logistics_delivery,gemini-2.5_flash,0.0,0.8751428571428572,0.8525357142857143,0.6428571428571429,1.0,0.7333214285714286,0.8892857142857142
products,gemini-2.5_flash,0.0,0.7403571428571428,0.7541428571428571,0.6071428571428571,1.0,0.70475,0.9321428571428572
student_performance,gemini-2.5_flash,0.0,0.9400000000000001,0.91125,0.7142857142857143,1.0,0.8285714285714285,0.9196428571428571
