table_name,model,avg_valid_efficiency_score,avg_cell_precision,avg_cell_recall,avg_execution_accuracy,avg_tuple_cardinality,avg_tuple_constraint,avg_tuple_order
BMI,deepseek-ai/DeepSeek-R1-Distill-Llama-70B-free,0.0,0.5922222222222222,0.6909444444444444,0.1111111111111111,0.8888888888888888,0.19261111111111112,0.6111111111111112
BMI,meta-llama/Llama-3.3-70B-Instruct-Turbo-Free,0.0,0.4528333333333333,0.7213333333333334,0.0,1.0,0.044444444444444446,0.5833333333333334
financial,deepseek-ai/DeepSeek-R1-Distill-Llama-70B-free,0.0,0.4161428571428572,0.5857857142857144,0.0,0.8571428571428571,0.17142857142857146,0.5357142857142857
financial,meta-llama/Llama-3.3-70B-Instruct-Turbo-Free,0.0,0.30735714285714283,0.6590714285714286,0.0,1.0,0.0,0.5
products,deepseek-ai/DeepSeek-R1-Distill-Llama-70B-free,0.0,0.34014285714285714,0.5173571428571428,0.0,0.7857142857142857,0.03571428571428571,0.39285714285714285
products,meta-llama/Llama-3.3-70B-Instruct-Turbo-Free,0.0,0.4117857142857143,0.6314285714285715,0.07142857142857142,1.0,0.11664285714285715,0.6428571428571429
