table_name,model,avg_valid_efficiency_score,avg_cell_precision,avg_cell_recall,avg_execution_accuracy,avg_tuple_cardinality,avg_tuple_constraint,avg_tuple_order
energy_consumption_dataset,deepseek-ai/DeepSeek-R1-Distill-Llama-70B-free,0.0,0.47182142857142856,0.5411785714285714,0.03571428571428571,1.0,0.11785714285714287,0.6339285714285714
energy_consumption_dataset,meta-llama/Llama-3.3-70B-Instruct-Turbo-Free,0.0,0.3937857142857143,0.5207857142857143,0.0,1.0,0.014285714285714287,0.5357142857142857
logistics_delivery_dataset,deepseek-ai/DeepSeek-R1-Distill-Llama-70B-free,0.0,0.32621428571428573,0.38875,0.03571428571428571,1.0,0.12617857142857142,0.6607142857142857
logistics_delivery_dataset,meta-llama/Llama-3.3-70B-Instruct-Turbo-Free,0.0,0.3008571428571428,0.3638571428571429,0.0,1.0,0.021428571428571432,0.5535714285714286
student_performance_dataset,deepseek-ai/DeepSeek-R1-Distill-Llama-70B-free,0.0,0.5652142857142858,0.6127857142857144,0.21428571428571427,1.0,0.2839285714285714,0.6964285714285714
student_performance_dataset,meta-llama/Llama-3.3-70B-Instruct-Turbo-Free,0.0,0.49264285714285716,0.6386071428571428,0.10714285714285714,1.0,0.12142857142857143,0.5892857142857143
