table_name,model,avg_valid_efficiency_score,avg_cell_precision,avg_cell_recall,avg_execution_accuracy,avg_tuple_cardinality,avg_tuple_constraint,avg_tuple_order
dataset_animali,deepseek-ai/DeepSeek-R1-Distill-Llama-70B-free,0.0,0.7734642857142857,0.7787499999999999,0.39285714285714285,0.9642857142857143,0.6,0.8142857142857143
dataset_animali,meta-llama/Llama-3.3-70B-Instruct-Turbo-Free,0.0,0.7995357142857143,0.8477857142857143,0.32142857142857145,1.0,0.5738214285714286,0.8071428571428572
dataset_auto,deepseek-ai/DeepSeek-R1-Distill-Llama-70B-free,0.0,0.76475,0.768,0.39285714285714285,0.9642857142857143,0.5690357142857143,0.8553571428571428
dataset_auto,meta-llama/Llama-3.3-70B-Instruct-Turbo-Free,0.0,0.7250714285714286,0.7379285714285714,0.2857142857142857,0.9285714285714286,0.49525,0.7446428571428572
dataset_film_famosi,deepseek-ai/DeepSeek-R1-Distill-Llama-70B-free,0.0,0.7262500000000001,0.7507142857142857,0.32142857142857145,0.9642857142857143,0.5886785714285715,0.8696428571428572
dataset_film_famosi,meta-llama/Llama-3.3-70B-Instruct-Turbo-Free,0.0,0.6781785714285714,0.7218571428571429,0.35714285714285715,1.0,0.4714285714285714,0.7714285714285715
monumenti_reali,deepseek-ai/DeepSeek-R1-Distill-Llama-70B-free,0.0,0.6999285714285713,0.74075,0.42857142857142855,1.0,0.5642857142857143,0.8535714285714285
monumenti_reali,meta-llama/Llama-3.3-70B-Instruct-Turbo-Free,0.0,0.7419285714285715,0.8009285714285715,0.32142857142857145,1.0,0.49642857142857144,0.7339285714285715
