table_name,model,avg_valid_efficiency_score,avg_cell_precision,avg_cell_recall,avg_execution_accuracy,avg_tuple_cardinality,avg_tuple_constraint,avg_tuple_order
BMI,deepseek-ai/DeepSeek-R1-Distill-Llama-70B-free,0.0,0.32180769230769235,0.32534615384615384,0.0,1.0,0.015384615384615385,0.5384615384615384
BMI,meta-llama/Llama-3.3-70B-Instruct-Turbo-Free,0.0,0.3178461538461539,0.31534615384615383,0.0,1.0,0.015384615384615385,0.5384615384615384
financial,deepseek-ai/DeepSeek-R1-Distill-Llama-70B-free,0.0,0.3467857142857143,0.39382142857142854,0.0,1.0,0.10714285714285714,0.5142857142857143
financial,meta-llama/Llama-3.3-70B-Instruct-Turbo-Free,0.0,0.3226071428571428,0.41942857142857143,0.07142857142857142,1.0,0.07857142857142858,0.5357142857142857
products,deepseek-ai/DeepSeek-R1-Distill-Llama-70B-free,0.0,0.46767857142857144,0.5078928571428571,0.0,1.0,0.21903571428571428,0.6625
products,meta-llama/Llama-3.3-70B-Instruct-Turbo-Free,0.0,0.3876071428571429,0.4576071428571429,0.0,1.0,0.15714285714285717,0.6607142857142857
