table,model,avg_valid_efficiency_score,avg_cell_precision,avg_cell_recall,avg_execution_accuracy,avg_tuple_cardinality,avg_tuple_constraint,avg_tuple_order
BMI,gpt-5_mini,0.0,0.6168846153846155,0.642,0.3076923076923077,1.0,0.43846153846153846,0.7173076923076922
energy_consumption,gpt-5_mini,0.0,0.8799642857142856,0.8820714285714286,0.7142857142857143,1.0,0.8285714285714285,0.9142857142857144
financial,gpt-5_mini,0.0,0.6874285714285715,0.6868571428571428,0.2857142857142857,1.0,0.6785714285714286,0.7589285714285714
logistics_delivery,gpt-5_mini,0.0,0.7227500000000001,0.7345714285714287,0.5,1.0,0.5857142857142856,0.8196428571428571
products,gpt-5_mini,0.0,0.8755714285714286,0.8754642857142857,0.35714285714285715,1.0,0.8642857142857142,0.8982142857142856
student_performance,gpt-5_mini,0.0,0.8630714285714286,0.8703214285714286,0.4642857142857143,1.0,0.7214285714285714,0.7946428571428571
