cell_precision,cell_recall,execution_accuracy,tuple_cardinality,tuple_constraint,tuple_order,run,exec_type
0.3241071428571428,0.32947767857142857,0.022321428571428572,0.9910714285714286,0.08809374999999998,0.5993303571428571,0,NULLABLE_full
0.31354910714285716,0.3235491071428571,0.004464285714285714,0.9955357142857143,0.08333035714285715,0.6073660714285715,1,NULLABLE_full
0.31935714285714284,0.3217455357142857,0.017857142857142856,1.0,0.0848169642857143,0.5979910714285713,2,NULLABLE_full
0.31300446428571427,0.3160223214285714,0.013392857142857142,0.9866071428571429,0.07440178571428571,0.5763392857142857,3,NULLABLE_full
0.3053616071428572,0.3091919642857143,0.008928571428571428,0.9955357142857143,0.07558928571428572,0.5828125000000001,4,NULLABLE_full
0.3014017857142858,0.3031160714285714,0.013392857142857142,0.9866071428571429,0.06398660714285714,0.5625,5,NULLABLE_full
