exec_type,cell_precision,cell_recall,execution_accuracy,tuple_cardinality,tuple_constraint,tuple_order
NORMAL_full,0.0002467059242577244,0.0001934969405470519,0.0002145780187074831,0.00014636479591836738,0.00033023903415532914,0.0001828541312358278
