exec_type,cell_precision,cell_recall,execution_accuracy,tuple_cardinality,tuple_constraint,tuple_order
NORMAL_clean,0.0003866810486522,0.0004747084524983,0.0017628205128205,9.86193293885606e-05,0.0009962195923734,0.0002362343852728
NULLABLE_clean,0.00025212870233399094,0.00023232022107166317,0.0004972057856673241,0.0001849112426035504,0.0003295529257067718,0.00017706278763971026
