table,model,avg_valid_efficiency_score,avg_cell_precision,avg_cell_recall,avg_execution_accuracy,avg_tuple_cardinality,avg_tuple_constraint,avg_tuple_order
dataset_animali,GPT-4o-mini,0.0,0.6305000000000001,0.6305000000000001,0.5,1.0,0.5,0.75
dataset_auto,GPT-4o-mini,0.0,0.868125,0.869625,0.625,1.0,0.6,0.875
dataset_film_famosi,GPT-4o-mini,0.0,0.6426666666666666,0.6267777777777778,0.3333333333333333,1.0,0.35555555555555557,0.7222222222222222
monumenti_reali,GPT-4o-mini,0.0,0.5551428571428572,0.5561428571428572,0.42857142857142855,1.0,0.5142857142857143,0.7071428571428572
