table_name,model,avg_valid_efficiency_score,avg_cell_precision,avg_cell_recall,avg_execution_accuracy,avg_tuple_cardinality,avg_tuple_constraint,avg_tuple_order
dataset_animali,deepseek-ai/DeepSeek-R1-Distill-Llama-70B-free,0.0,0.41942857142857143,0.35446428571428573,0.0,0.7765714285714286,0.08310714285714285,0.5185714285714286
dataset_animali,meta-llama/Llama-3.3-70B-Instruct-Turbo-Free,0.0,0.3449642857142857,0.32228571428571423,0.0,0.5532142857142858,0.07639285714285715,0.3919821428571429
dataset_auto,deepseek-ai/DeepSeek-R1-Distill-Llama-70B-free,0.0,0.23985714285714285,0.24642857142857144,0.0,0.39285714285714285,0.14139285714285715,0.2912857142857143
dataset_auto,meta-llama/Llama-3.3-70B-Instruct-Turbo-Free,0.0,0.6609285714285714,0.4991428571428571,0.0,0.7628214285714287,0.1507857142857143,0.49273214285714284
dataset_film_famosi,deepseek-ai/DeepSeek-R1-Distill-Llama-70B-free,0.0,0.5331428571428571,0.5202857142857142,0.17857142857142858,0.6344285714285715,0.41496428571428573,0.4298571428571428
dataset_film_famosi,meta-llama/Llama-3.3-70B-Instruct-Turbo-Free,0.0,0.5906428571428571,0.617,0.03571428571428571,0.78975,0.32732142857142854,0.4971785714285714
monumenti_reali,deepseek-ai/DeepSeek-R1-Distill-Llama-70B-free,0.0,0.2997142857142857,0.3002142857142857,0.0,0.6716785714285713,0.12067857142857143,0.40651785714285715
monumenti_reali,meta-llama/Llama-3.3-70B-Instruct-Turbo-Free,0.0,0.5284285714285714,0.5676071428571429,0.0,0.9055,0.24571428571428572,0.525875
