table_name,model,avg_valid_efficiency_score,avg_cell_precision,avg_cell_recall,avg_execution_accuracy,avg_tuple_cardinality,avg_tuple_constraint,avg_tuple_order
accounts_receivable,meta-llama/Llama-3.3-70B-Instruct-Turbo-Free,0.0,0.47250000000000003,0.4858928571428572,0.03571428571428571,1.0,0.30892857142857144,0.75
breast_cancer,meta-llama/Llama-3.3-70B-Instruct-Turbo-Free,0.0,0.7050000000000001,0.7381785714285715,0.2857142857142857,1.0,0.3464285714285714,0.6964285714285714
fitness_trakers,meta-llama/Llama-3.3-70B-Instruct-Turbo-Free,0.0,0.5881785714285714,0.5955357142857143,0.17857142857142858,1.0,0.24525,0.6071428571428571
heart_attack,meta-llama/Llama-3.3-70B-Instruct-Turbo-Free,0.0,0.7613928571428571,0.7590714285714286,0.42857142857142855,1.0,0.5785714285714285,0.8250000000000001
mobiles,meta-llama/Llama-3.3-70B-Instruct-Turbo-Free,0.0,0.6777142857142857,0.6836428571428571,0.32142857142857145,1.0,0.5125,0.775
olympic_games,meta-llama/Llama-3.3-70B-Instruct-Turbo-Free,0.0,0.96425,0.9,0.5,1.0,0.85,0.7
