table_name,model,avg_valid_efficiency_score,avg_cell_precision,avg_cell_recall,avg_execution_accuracy,avg_tuple_cardinality,avg_tuple_constraint,avg_tuple_order
accounts_receivable,meta-llama/Llama-3.3-70B-Instruct-Turbo-Free,0.0,0.26207142857142857,0.25057142857142856,0.0,1.0,0.0,0.5
breast_cancer,meta-llama/Llama-3.3-70B-Instruct-Turbo-Free,0.0,0.48864285714285716,0.4888214285714286,0.17857142857142858,1.0,0.20714285714285713,0.6071428571428571
fitness_trakers,meta-llama/Llama-3.3-70B-Instruct-Turbo-Free,0.0,0.3503214285714286,0.36507142857142855,0.03571428571428571,1.0,0.04285714285714286,0.5357142857142857
heart_attack,meta-llama/Llama-3.3-70B-Instruct-Turbo-Free,0.0,0.6156071428571429,0.5335714285714286,0.10714285714285714,1.0,0.2642857142857143,0.75
mobiles,meta-llama/Llama-3.3-70B-Instruct-Turbo-Free,0.0,0.40817857142857145,0.4043571428571428,0.03571428571428571,1.0,0.08750000000000001,0.6071428571428571
olympic_games,meta-llama/Llama-3.3-70B-Instruct-Turbo-Free,0.0,0.31174999999999997,0.31174999999999997,0.0,1.0,0.0,0.5
