table,model,avg_valid_efficiency_score,avg_cell_precision,avg_cell_recall,avg_execution_accuracy,avg_tuple_cardinality,avg_tuple_constraint,avg_tuple_order
animals,gpt-5_mini,0.0,0.6696500000000001,0.7917500000000001,0.3,0.9800000000000001,0.525,0.8125
cars,gpt-5_mini,0.0,0.7963809523809524,0.8753809523809524,0.5238095238095238,1.0,0.6841428571428572,0.888095238095238
monuments,gpt-5_mini,0.0,0.81165,0.8163,0.55,1.0,0.6950000000000001,0.8925000000000001
movies,gpt-5_mini,0.0,0.8280384615384615,0.8464615384615384,0.6153846153846154,1.0,0.6692307692307692,0.8346153846153845
