table,model,avg_valid_efficiency_score,avg_cell_precision,avg_cell_recall,avg_execution_accuracy,avg_tuple_cardinality,avg_tuple_constraint,avg_tuple_order
BMI,GPT-4o-mini,0.0,0.78325,0.7865,0.5,1.0,0.7,0.875
energy_consumption,GPT-4o-mini,0.0,0.95,0.9137500000000001,0.5,1.0,0.7,0.86875
financial,GPT-4o-mini,0.0,1.0,1.0,1.0,1.0,1.0,1.0
logistics_delivery,GPT-4o-mini,0.0,0.9682857142857143,0.9682857142857143,0.7142857142857143,1.0,0.8285714285714285,0.9285714285714286
products,GPT-4o-mini,0.0,0.0,0.0,0.0,1.0,0.0,0.5
student_performance,GPT-4o-mini,0.0,0.9642857142857143,0.9357142857142857,0.7142857142857143,1.0,0.8214285714285714,0.9285714285714286
