table,model,avg_valid_efficiency_score,avg_cell_precision,avg_cell_recall,avg_execution_accuracy,avg_tuple_cardinality,avg_tuple_constraint,avg_tuple_order
BMI,gpt-5_mini,0.0,0.16147999999999998,0.22492,0.0,0.72,0.136,0.47
energy_consumption,gpt-5_mini,0.0,0.034178571428571426,0.032107142857142855,0.0,1.0,0.0,0.5
financial,gpt-5_mini,0.0,0.06992857142857142,0.05789285714285714,0.0,1.0,0.0,0.5
logistics_delivery,gpt-5_mini,0.0,0.034249999999999996,0.03339285714285715,0.0,1.0,0.0,0.5
products,gpt-5_mini,0.0,0.18067857142857144,0.19489285714285715,0.10714285714285714,1.0,0.09285714285714286,0.6071428571428571
student_performance,gpt-5_mini,0.0,0.6273571428571428,0.6096428571428572,0.32142857142857145,1.0,0.38571428571428573,0.7053571428571429
