exec_type,cell_precision,cell_recall,execution_accuracy,tuple_cardinality,tuple_constraint,tuple_order
NORMAL_clean,3.190369984969317e-05,2.6874563533356342e-05,0.0001618684240952,7.255202913631713e-07,0.0002493351832581,1.1562030292519346e-05
NULLABLE_clean,0.0008246989131691501,0.000551776170655567,0.0011244074459475085,2.537352295063008e-05,0.0008740967163833966,0.0001163429298184759
