exec_type,cell_precision,cell_recall,execution_accuracy,tuple_cardinality,tuple_constraint,tuple_order
NORMAL_full,7.553492798353999e-05,8.001824470593233e-05,8.854702503429349e-05,0.000187269590192,6.806543384023506e-05,8.408484439300393e-05
NULLABLE_full,0.0001154636868784,0.0001224806530778,4.568008401920436e-05,1.970783822016498e-05,6.760099504886838e-05,4.842658232596014e-05
REMOVE_full,0.00011104602301954736,9.902764328275025e-05,4.768947187928671e-05,0.0002984070442440416,3.9596649010845336e-05,0.00012592163923182449
