table_name,model,avg_valid_efficiency_score,avg_cell_precision,avg_cell_recall,avg_execution_accuracy,avg_tuple_cardinality,avg_tuple_constraint,avg_tuple_order
dataset_animali,deepseek-ai/DeepSeek-R1-Distill-Llama-70B-free,0.0,0.1,0.1,0.0,1.0,0.1,0.75
dataset_animali,meta-llama/Llama-3.3-70B-Instruct-Turbo-Free,0.0,0.1,0.1,0.0,1.0,0.1,0.75
dataset_auto,deepseek-ai/DeepSeek-R1-Distill-Llama-70B-free,0.0,0.1562857142857143,0.15414285714285714,0.0,1.0,0.028571428571428574,0.7142857142857143
dataset_auto,meta-llama/Llama-3.3-70B-Instruct-Turbo-Free,0.0,0.23142857142857146,0.151,0.0,1.0,0.028571428571428574,0.6428571428571429
dataset_film_famosi,deepseek-ai/DeepSeek-R1-Distill-Llama-70B-free,0.0,0.39999999999999997,0.4083333333333334,0.3333333333333333,1.0,0.4083333333333334,0.8333333333333334
dataset_film_famosi,meta-llama/Llama-3.3-70B-Instruct-Turbo-Free,0.0,0.2916666666666667,0.26666666666666666,0.0,1.0,0.2333333333333333,0.8333333333333334
monumenti_reali,deepseek-ai/DeepSeek-R1-Distill-Llama-70B-free,0.0,0.35414285714285715,0.36128571428571427,0.0,0.8571428571428571,0.2285714285714286,0.5714285714285714
monumenti_reali,meta-llama/Llama-3.3-70B-Instruct-Turbo-Free,0.0,0.24314285714285713,0.22828571428571426,0.0,1.0,0.1142857142857143,0.5714285714285714
