table_name,model,avg_valid_efficiency_score,avg_cell_precision,avg_cell_recall,avg_execution_accuracy,avg_tuple_cardinality,avg_tuple_constraint,avg_tuple_order
dataset_animali,deepseek-ai/DeepSeek-R1-Distill-Llama-70B-free,0.0,0.6664565217391304,0.6727391304347826,0.21739130434782608,0.9739130434782608,0.48586956521739133,0.7934782608695652
dataset_animali,meta-llama/Llama-3.3-70B-Instruct-Turbo-Free,0.0,0.6572173913043479,0.7148260869565217,0.2826086956521739,1.0,0.5231956521739131,0.841304347826087
dataset_auto,deepseek-ai/DeepSeek-R1-Distill-Llama-70B-free,0.0,0.6708913043478261,0.6579565217391304,0.30434782608695654,0.9782608695652174,0.4974565217391304,0.8173913043478261
dataset_auto,meta-llama/Llama-3.3-70B-Instruct-Turbo-Free,0.0,0.6831521739130435,0.7203913043478261,0.2826086956521739,1.0,0.47426086956521735,0.8336956521739131
dataset_film_famosi,deepseek-ai/DeepSeek-R1-Distill-Llama-70B-free,0.0,0.6540217391304348,0.7126956521739131,0.41304347826086957,0.9565217391304348,0.5869565217391305,0.8282608695652174
dataset_film_famosi,meta-llama/Llama-3.3-70B-Instruct-Turbo-Free,0.0,0.6467826086956522,0.7065434782608695,0.2608695652173913,1.0,0.5115869565217391,0.8206521739130435
monumenti_reali,deepseek-ai/DeepSeek-R1-Distill-Llama-70B-free,0.0,0.6219565217391304,0.6217608695652174,0.34782608695652173,0.9782608695652174,0.5565217391304348,0.7967391304347826
monumenti_reali,meta-llama/Llama-3.3-70B-Instruct-Turbo-Free,0.0,0.6075434782608695,0.6508695652173914,0.2608695652173913,1.0,0.45978260869565213,0.7467391304347827
