table,model,avg_valid_efficiency_score,avg_cell_precision,avg_cell_recall,avg_execution_accuracy,avg_tuple_cardinality,avg_tuple_constraint,avg_tuple_order
albums,gpt-5_mini,0.0,0.5083333333333333,0.521,0.16666666666666666,1.0,0.3194444444444444,0.7222222222222222
artists,gpt-5_mini,0.0,0.3555,0.3555,0.25,1.0,0.3333333333333333,0.7083333333333334
tracks,gpt-5_mini,0.0,0.3960666666666667,0.42739999999999995,0.06666666666666667,1.0,0.14666666666666667,0.5666666666666667
