table,model,avg_valid_efficiency_score,avg_cell_precision,avg_cell_recall,avg_execution_accuracy,avg_tuple_cardinality,avg_tuple_constraint,avg_tuple_order
dataset_animali,Gemini-2.5-Flash,0.0,0.6726785714285715,0.6374285714285713,0.2857142857142857,0.9928571428571429,0.35714285714285715,0.6821428571428572
dataset_auto,Gemini-2.5-Flash,0.0,0.7147142857142857,0.7027142857142857,0.5,1.0,0.5928571428571429,0.8410714285714286
dataset_film_famosi,Gemini-2.5-Flash,0.0,0.7481071428571429,0.7286071428571429,0.42857142857142855,1.0,0.6982142857142858,0.8892857142857142
monumenti_reali,Gemini-2.5-Flash,0.0,0.7550357142857144,0.7579642857142856,0.5357142857142857,1.0,0.7428571428571429,0.9125
