table,model,avg_valid_efficiency_score,avg_cell_precision,avg_cell_recall,avg_execution_accuracy,avg_tuple_cardinality,avg_tuple_constraint,avg_tuple_order
dataset_animali,GPT-4o-mini,0.0,0.804,0.6659642857142857,0.25,1.0,0.46132142857142855,0.7714285714285715
dataset_auto,GPT-4o-mini,0.0,0.6238214285714285,0.6197142857142858,0.25,1.0,0.5023928571428572,0.8464285714285714
dataset_film_famosi,GPT-4o-mini,0.0,0.7425714285714287,0.7235714285714286,0.35714285714285715,1.0,0.5458214285714286,0.7946428571428571
monumenti_reali,GPT-4o-mini,0.0,0.5628571428571428,0.5950357142857143,0.17857142857142858,1.0,0.4535714285714286,0.8107142857142857
