table_name,model,avg_valid_efficiency_score,avg_cell_precision,avg_cell_recall,avg_execution_accuracy,avg_tuple_cardinality,avg_tuple_constraint,avg_tuple_order
dataset_animali,deepseek-ai/DeepSeek-R1-Distill-Llama-70B-free,0.0,0.7721071428571429,0.7917500000000001,0.5,1.0,0.7267857142857144,0.8785714285714287
dataset_animali,meta-llama/Llama-3.3-70B-Instruct-Turbo-Free,0.0,0.6431785714285715,0.7427142857142857,0.25,1.0,0.5743928571428573,0.8339285714285715
dataset_auto,deepseek-ai/DeepSeek-R1-Distill-Llama-70B-free,0.0,0.7385714285714285,0.7731428571428571,0.42857142857142855,1.0,0.6732142857142858,0.9392857142857143
dataset_auto,meta-llama/Llama-3.3-70B-Instruct-Turbo-Free,0.0,0.6321071428571429,0.8156785714285714,0.2857142857142857,1.0,0.5696428571428571,0.7196428571428571
dataset_film_famosi,deepseek-ai/DeepSeek-R1-Distill-Llama-70B-free,0.0,0.7406785714285714,0.79925,0.5,1.0,0.7029642857142857,0.9
dataset_film_famosi,meta-llama/Llama-3.3-70B-Instruct-Turbo-Free,0.0,0.7215714285714286,0.8141428571428572,0.39285714285714285,1.0,0.6857142857142857,0.8339285714285715
monumenti_reali,deepseek-ai/DeepSeek-R1-Distill-Llama-70B-free,0.0,0.7117142857142857,0.7111428571428571,0.35714285714285715,1.0,0.6607142857142857,0.7999999999999999
monumenti_reali,meta-llama/Llama-3.3-70B-Instruct-Turbo-Free,0.0,0.6414285714285715,0.7334285714285714,0.25,1.0,0.5892857142857143,0.6214285714285713
