table,model,avg_valid_efficiency_score,avg_cell_precision,avg_cell_recall,avg_execution_accuracy,avg_tuple_cardinality,avg_tuple_constraint,avg_tuple_order
dataset_animali,GPT-4o-mini,0.0,0.7690526315789473,0.7190526315789474,0.42105263157894735,1.0,0.5438421052631579,0.8157894736842105
dataset_auto,GPT-4o-mini,0.0,0.7178571428571429,0.7198571428571429,0.25,1.0,0.5690357142857143,0.8107142857142857
dataset_film_famosi,GPT-4o-mini,0.0,0.7813928571428572,0.8051785714285715,0.35714285714285715,1.0,0.46903571428571433,0.7517857142857143
monumenti_reali,GPT-4o-mini,0.0,0.7016428571428571,0.7194285714285714,0.2857142857142857,1.0,0.6535714285714286,0.8839285714285714
