table,model,avg_valid_efficiency_score,avg_cell_precision,avg_cell_recall,avg_execution_accuracy,avg_tuple_cardinality,avg_tuple_constraint,avg_tuple_order
dataset_animali,GPT-4o-mini,0.0,0.6665,0.652,0.5,1.0,0.6,0.975
dataset_auto,GPT-4o-mini,0.0,0.6211249999999999,0.640625,0.375,0.875,0.45,0.78125
dataset_film_famosi,GPT-4o-mini,0.0,0.784,0.7737777777777778,0.4444444444444444,1.0,0.7555555555555555,0.9555555555555555
monumenti_reali,GPT-4o-mini,0.0,0.7825714285714286,0.7787142857142857,0.42857142857142855,1.0,0.7714285714285715,0.9857142857142858
