table_name,model,avg_valid_efficiency_score,avg_cell_precision,avg_cell_recall,avg_execution_accuracy,avg_tuple_cardinality,avg_tuple_constraint,avg_tuple_order
dataset_animali,deepseek-ai/DeepSeek-R1-Distill-Llama-70B-free,0.0,0.36892857142857144,0.32942857142857146,0.0,0.6243571428571428,0.08221428571428571,0.5327678571428571
dataset_animali,meta-llama/Llama-3.3-70B-Instruct-Turbo-Free,0.0,0.28135714285714286,0.2635,0.0,0.48475,0.044178571428571435,0.31155357142857143
dataset_auto,deepseek-ai/DeepSeek-R1-Distill-Llama-70B-free,0.0,0.20907142857142857,0.2300357142857143,0.0,0.31042857142857144,0.1302142857142857,0.35744642857142855
dataset_auto,meta-llama/Llama-3.3-70B-Instruct-Turbo-Free,0.0,0.32357142857142857,0.2735714285714286,0.0,0.3885714285714285,0.09092857142857144,0.23701785714285714
dataset_film_famosi,deepseek-ai/DeepSeek-R1-Distill-Llama-70B-free,0.0,0.39564285714285713,0.3856428571428571,0.10714285714285714,0.52,0.3253214285714286,0.3927321428571429
dataset_film_famosi,meta-llama/Llama-3.3-70B-Instruct-Turbo-Free,0.0,0.34746428571428567,0.3657142857142857,0.03571428571428571,0.41089285714285717,0.23317857142857143,0.2069464285714286
monumenti_reali,deepseek-ai/DeepSeek-R1-Distill-Llama-70B-free,0.0,0.28664285714285714,0.2633214285714286,0.0,0.4652857142857143,0.15814285714285714,0.32242857142857145
monumenti_reali,meta-llama/Llama-3.3-70B-Instruct-Turbo-Free,0.0,0.3007857142857143,0.2856785714285714,0.0,0.4476785714285714,0.15046428571428572,0.2933214285714286
