table,model,avg_valid_efficiency_score,avg_cell_precision,avg_cell_recall,avg_execution_accuracy,avg_tuple_cardinality,avg_tuple_constraint,avg_tuple_order
animals,gpt-5_mini,0.0,0.6597000000000001,0.5635,0.4,0.95,0.425,0.7
cars,gpt-5_mini,0.0,0.7133684210526315,0.7587894736842106,0.21052631578947367,1.0,0.6368421052631579,0.863157894736842
monuments,gpt-5_mini,0.0,0.72435,0.73265,0.45,1.0,0.6525000000000001,0.8525
movies,gpt-5_mini,0.0,0.6937692307692308,0.7051153846153846,0.38461538461538464,0.9615384615384616,0.5461538461538462,0.7538461538461539
