table_name,model,avg_valid_efficiency_score,avg_cell_precision,avg_cell_recall,avg_execution_accuracy,avg_tuple_cardinality,avg_tuple_constraint,avg_tuple_order
dataset_animali,deepseek-ai/DeepSeek-R1-Distill-Llama-70B-free,0.0,0.2955,0.28282142857142856,0.0,1.0,0.028571428571428574,0.5535714285714286
dataset_auto,deepseek-ai/DeepSeek-R1-Distill-Llama-70B-free,0.0,0.3137142857142857,0.3418571428571428,0.0,1.0,0.042857142857142864,0.5892857142857143
dataset_film_famosi,deepseek-ai/DeepSeek-R1-Distill-Llama-70B-free,0.0,0.34267857142857144,0.33285714285714285,0.0,0.9642857142857143,0.1285714285714286,0.6107142857142858
monumenti_reali,deepseek-ai/DeepSeek-R1-Distill-Llama-70B-free,0.0,0.24475,0.25007142857142856,0.03571428571428571,1.0,0.10714285714285714,0.5910714285714286
