table_name,model,avg_valid_efficiency_score,avg_cell_precision,avg_cell_recall,avg_execution_accuracy,avg_tuple_cardinality,avg_tuple_constraint,avg_tuple_order
dataset_animali,deepseek-ai/DeepSeek-R1-Distill-Llama-70B-free,0.0,0.621642857142857,0.6261428571428571,0.17857142857142858,0.9285714285714286,0.3946428571428572,0.6839285714285713
dataset_animali,meta-llama/Llama-3.3-70B-Instruct-Turbo-Free,0.0,0.7193928571428572,0.7464642857142857,0.25,1.0,0.6256071428571428,0.7928571428571428
dataset_auto,deepseek-ai/DeepSeek-R1-Distill-Llama-70B-free,0.0,0.6105,0.6235357142857143,0.2857142857142857,0.9285714285714286,0.47617857142857145,0.7535714285714287
dataset_auto,meta-llama/Llama-3.3-70B-Instruct-Turbo-Free,0.0,0.6623214285714286,0.683607142857143,0.25,1.0,0.3833214285714286,0.7053571428571429
dataset_film_famosi,deepseek-ai/DeepSeek-R1-Distill-Llama-70B-free,0.0,0.6303571428571428,0.6771428571428572,0.25,1.0,0.5083214285714286,0.7660714285714285
dataset_film_famosi,meta-llama/Llama-3.3-70B-Instruct-Turbo-Free,0.0,0.6795,0.7132142857142857,0.25,1.0,0.44403571428571426,0.8178571428571428
monumenti_reali,deepseek-ai/DeepSeek-R1-Distill-Llama-70B-free,0.0,0.5917142857142856,0.6191071428571429,0.32142857142857145,0.9642857142857143,0.4535714285714286,0.7071428571428572
monumenti_reali,meta-llama/Llama-3.3-70B-Instruct-Turbo-Free,0.0,0.636357142857143,0.7071071428571428,0.17857142857142858,1.0,0.3392857142857143,0.7589285714285714
