table_name,model,avg_valid_efficiency_score,avg_cell_precision,avg_cell_recall,avg_execution_accuracy,avg_tuple_cardinality,avg_tuple_constraint,avg_tuple_order
dataset_animali,deepseek-ai/DeepSeek-R1-Distill-Llama-70B-free,0.0,0.29392857142857143,0.2928571428571428,0.0,1.0,0.021428571428571432,0.5357142857142857
dataset_animali,meta-llama/Llama-3.3-70B-Instruct-Turbo-Free,0.0,0.33317857142857144,0.34817857142857145,0.0,1.0,0.04939285714285714,0.6071428571428571
dataset_auto,deepseek-ai/DeepSeek-R1-Distill-Llama-70B-free,0.0,0.37739285714285714,0.4208928571428571,0.0,1.0,0.05475,0.5892857142857143
dataset_auto,meta-llama/Llama-3.3-70B-Instruct-Turbo-Free,0.0,0.3565357142857143,0.32539285714285715,0.0,1.0,0.049999999999999996,0.5821428571428572
dataset_film_famosi,deepseek-ai/DeepSeek-R1-Distill-Llama-70B-free,0.0,0.28750000000000003,0.28217857142857145,0.03571428571428571,1.0,0.12142857142857143,0.5482142857142857
dataset_film_famosi,meta-llama/Llama-3.3-70B-Instruct-Turbo-Free,0.0,0.30296428571428574,0.3190714285714286,0.0,1.0,0.09285714285714286,0.5892857142857143
monumenti_reali,deepseek-ai/DeepSeek-R1-Distill-Llama-70B-free,0.0,0.26185714285714284,0.27964285714285714,0.03571428571428571,1.0,0.1,0.5946428571428571
monumenti_reali,meta-llama/Llama-3.3-70B-Instruct-Turbo-Free,0.0,0.28232142857142856,0.3049642857142857,0.0,1.0,0.05714285714285715,0.5535714285714286
