table_name,model,avg_valid_efficiency_score,avg_cell_precision,avg_cell_recall,avg_execution_accuracy,avg_tuple_cardinality,avg_tuple_constraint,avg_tuple_order
dataset_animali,meta-llama/Llama-3.3-70B-Instruct-Turbo-Free,0.0,0.4977142857142857,0.4881428571428571,0.0,1.0,0.05714285714285715,0.6428571428571429
dataset_auto,meta-llama/Llama-3.3-70B-Instruct-Turbo-Free,0.0,0.24428571428571427,0.2394285714285714,0.0,1.0,0.08571428571428573,0.6428571428571429
dataset_film_famosi,meta-llama/Llama-3.3-70B-Instruct-Turbo-Free,0.0,0.16844444444444445,0.18033333333333335,0.0,1.0,0.06666666666666667,0.5277777777777778
monumenti_reali,meta-llama/Llama-3.3-70B-Instruct-Turbo-Free,0.0,0.08466666666666667,0.07366666666666667,0.0,1.0,0.03333333333333333,0.5833333333333334
