table_name,model,avg_valid_efficiency_score,avg_cell_precision,avg_cell_recall,avg_execution_accuracy,avg_tuple_cardinality,avg_tuple_constraint,avg_tuple_order
dataset_animali,deepseek-ai/DeepSeek-R1-Distill-Llama-70B-free,0.0,0.5299285714285714,0.5827857142857144,0.07142857142857142,0.85,0.3732142857142858,0.7392857142857142
dataset_auto,deepseek-ai/DeepSeek-R1-Distill-Llama-70B-free,0.0,0.6802857142857144,0.6886785714285715,0.2857142857142857,1.0,0.5368928571428572,0.8714285714285713
dataset_film_famosi,deepseek-ai/DeepSeek-R1-Distill-Llama-70B-free,0.0,0.6138928571428571,0.6530357142857143,0.32142857142857145,1.0,0.5178571428571429,0.8285714285714285
monumenti_reali,deepseek-ai/DeepSeek-R1-Distill-Llama-70B-free,0.0,0.5873214285714285,0.6068571428571429,0.25,0.9642857142857143,0.47500000000000003,0.7714285714285715
