table_name,model,avg_valid_efficiency_score,avg_cell_precision,avg_cell_recall,avg_execution_accuracy,avg_tuple_cardinality,avg_tuple_constraint,avg_tuple_order
dataset_animali,deepseek-ai/DeepSeek-R1-Distill-Llama-70B-free,0.0,0.47828571428571426,0.4667857142857143,0.0,0.9856428571428572,0.10257142857142858,0.725
dataset_animali,meta-llama/Llama-3.3-70B-Instruct-Turbo-Free,0.0,0.3128214285714286,0.31882142857142853,0.0,0.6785714285714286,0.048535714285714286,0.41376785714285713
dataset_auto,deepseek-ai/DeepSeek-R1-Distill-Llama-70B-free,0.0,0.55225,0.5713928571428571,0.0,0.9571071428571428,0.16460714285714287,0.5935535714285713
dataset_auto,meta-llama/Llama-3.3-70B-Instruct-Turbo-Free,0.0,0.48267857142857146,0.42075,0.0,0.7857142857142857,0.08964285714285714,0.4468392857142857
dataset_film_famosi,deepseek-ai/DeepSeek-R1-Distill-Llama-70B-free,0.0,0.5875714285714286,0.6045714285714286,0.0,0.9189999999999999,0.42764285714285716,0.6576607142857143
dataset_film_famosi,meta-llama/Llama-3.3-70B-Instruct-Turbo-Free,0.0,0.42182142857142857,0.40975,0.0,0.7857142857142857,0.2384642857142857,0.5096071428571428
monumenti_reali,deepseek-ai/DeepSeek-R1-Distill-Llama-70B-free,0.0,0.4415714285714286,0.44175,0.0,0.9548928571428572,0.2508214285714286,0.6700892857142857
monumenti_reali,meta-llama/Llama-3.3-70B-Instruct-Turbo-Free,0.0,0.2547142857142857,0.255,0.0,0.6785714285714286,0.10507142857142858,0.3395892857142857
