table_name,model,avg_valid_efficiency_score,avg_cell_precision,avg_cell_recall,avg_execution_accuracy,avg_tuple_cardinality,avg_tuple_constraint,avg_tuple_order
dataset_animali,deepseek-ai/DeepSeek-R1-Distill-Llama-70B-free,0.0,0.35591304347826086,0.36626086956521736,0.0,1.0,0.06956521739130435,0.5869565217391305
dataset_animali,meta-llama/Llama-3.3-70B-Instruct-Turbo-Free,0.0,0.3631304347826087,0.35756521739130437,0.0,1.0,0.0391304347826087,0.5869565217391305
dataset_auto,deepseek-ai/DeepSeek-R1-Distill-Llama-70B-free,0.0,0.47615217391304343,0.5234347826086957,0.06521739130434782,1.0,0.21450000000000002,0.6456521739130434
dataset_auto,meta-llama/Llama-3.3-70B-Instruct-Turbo-Free,0.0,0.4260652173913044,0.4975434782608696,0.021739130434782608,1.0,0.13767391304347826,0.5869565217391305
dataset_film_famosi,deepseek-ai/DeepSeek-R1-Distill-Llama-70B-free,0.0,0.46,0.4999782608695652,0.043478260869565216,1.0,0.23043478260869565,0.6717391304347826
dataset_film_famosi,meta-llama/Llama-3.3-70B-Instruct-Turbo-Free,0.0,0.36443478260869566,0.4239782608695652,0.0,0.9782608695652174,0.19710869565217393,0.6054347826086957
monumenti_reali,deepseek-ai/DeepSeek-R1-Distill-Llama-70B-free,0.0,0.417,0.43173913043478257,0.0,1.0,0.21847826086956523,0.6521739130434783
monumenti_reali,meta-llama/Llama-3.3-70B-Instruct-Turbo-Free,0.0,0.3174782608695652,0.36408695652173917,0.0,1.0,0.09130434782608696,0.5315217391304348
