table_name,model,avg_valid_efficiency_score,avg_cell_precision,avg_cell_recall,avg_execution_accuracy,avg_tuple_cardinality,avg_tuple_constraint,avg_tuple_order
BMI,deepseek-ai/DeepSeek-R1-Distill-Llama-70B-free,0.0,0.4176153846153846,0.43623076923076926,0.15384615384615385,0.9615384615384616,0.3076923076923077,0.6269230769230769
energy_consumption,deepseek-ai/DeepSeek-R1-Distill-Llama-70B-free,0.0,0.6781071428571429,0.6622142857142858,0.35714285714285715,0.9642857142857143,0.40714285714285714,0.7321428571428571
financial,deepseek-ai/DeepSeek-R1-Distill-Llama-70B-free,0.0,0.4228928571428571,0.42842857142857144,0.10714285714285714,0.9285714285714286,0.32857142857142857,0.625
logistics_delivery,deepseek-ai/DeepSeek-R1-Distill-Llama-70B-free,0.0,0.6107142857142858,0.6058571428571428,0.2857142857142857,0.9642857142857143,0.37857142857142856,0.7142857142857143
products,deepseek-ai/DeepSeek-R1-Distill-Llama-70B-free,0.0,0.5103571428571428,0.5484642857142857,0.25,0.9642857142857143,0.4178571428571428,0.7196428571428571
student_performance,deepseek-ai/DeepSeek-R1-Distill-Llama-70B-free,0.0,0.6863928571428571,0.6403928571428572,0.2857142857142857,0.9642857142857143,0.36428571428571427,0.6964285714285714
