table,model,avg_valid_efficiency_score,avg_cell_precision,avg_cell_recall,avg_execution_accuracy,avg_tuple_cardinality,avg_tuple_constraint,avg_tuple_order
BMI,GPT-4o-mini,0.0,0.7428846153846155,0.7427692307692308,0.5384615384615384,1.0,0.7307692307692307,0.8576923076923078
energy_consumption,GPT-4o-mini,0.0,0.8996071428571428,0.8998571428571428,0.6428571428571429,1.0,0.8285714285714285,0.9410714285714287
financial,GPT-4o-mini,0.0,0.76375,0.756,0.32142857142857145,1.0,0.7428571428571429,0.8178571428571428
logistics_delivery,GPT-4o-mini,0.0,0.7565,0.7561428571428571,0.4642857142857143,1.0,0.6785714285714286,0.8964285714285715
products,GPT-4o-mini,0.0,0.84575,0.8493928571428572,0.42857142857142855,1.0,0.692857142857143,0.8892857142857142
student_performance,GPT-4o-mini,0.0,0.8756785714285714,0.8802142857142857,0.5,1.0,0.7285714285714285,0.8071428571428572
