table_name,model,avg_valid_efficiency_score,avg_cell_precision,avg_cell_recall,avg_execution_accuracy,avg_tuple_cardinality,avg_tuple_constraint,avg_tuple_order
dataset_animali,deepseek-ai/DeepSeek-R1-Distill-Llama-70B-free,0.0,0.44092857142857145,0.42496428571428574,0.0,0.8667142857142858,0.08796428571428572,0.5709821428571429
dataset_animali,meta-llama/Llama-3.3-70B-Instruct-Turbo-Free,0.0,0.3772857142857143,0.3730357142857143,0.0,0.7311428571428572,0.06432142857142857,0.4784107142857143
dataset_auto,deepseek-ai/DeepSeek-R1-Distill-Llama-70B-free,0.0,0.5031428571428572,0.4773928571428571,0.0,0.7377857142857144,0.14528571428571427,0.48964285714285716
dataset_auto,meta-llama/Llama-3.3-70B-Instruct-Turbo-Free,0.0,0.5359642857142857,0.46125000000000005,0.0,0.7926428571428571,0.11157142857142857,0.44680357142857147
dataset_film_famosi,deepseek-ai/DeepSeek-R1-Distill-Llama-70B-free,0.0,0.5798214285714286,0.5888571428571429,0.0,0.8383928571428572,0.47264285714285714,0.5937142857142856
dataset_film_famosi,meta-llama/Llama-3.3-70B-Instruct-Turbo-Free,0.0,0.5695357142857144,0.5796071428571429,0.0,0.8568571428571428,0.2307857142857143,0.5779464285714286
monumenti_reali,deepseek-ai/DeepSeek-R1-Distill-Llama-70B-free,0.0,0.5047857142857143,0.4489642857142857,0.0,0.8825714285714286,0.23339285714285715,0.617
monumenti_reali,meta-llama/Llama-3.3-70B-Instruct-Turbo-Free,0.0,0.38553571428571426,0.38439285714285715,0.0,0.7311428571428572,0.14989285714285713,0.4529107142857143
