table_name,model,avg_valid_efficiency_score,avg_cell_precision,avg_cell_recall,avg_execution_accuracy,avg_tuple_cardinality,avg_tuple_constraint,avg_tuple_order
dataset_animali,deepseek-ai/DeepSeek-R1-Distill-Llama-70B-free,0.0,0.2950714285714286,0.2771428571428572,0.0,1.0,0.021428571428571432,0.5535714285714286
dataset_animali,meta-llama/Llama-3.3-70B-Instruct-Turbo-Free,0.0,0.3205,0.33567857142857144,0.0,1.0,0.03571428571428571,0.5714285714285714
dataset_auto,deepseek-ai/DeepSeek-R1-Distill-Llama-70B-free,0.0,0.40289285714285716,0.42589285714285713,0.03571428571428571,1.0,0.17857142857142858,0.6428571428571429
dataset_auto,meta-llama/Llama-3.3-70B-Instruct-Turbo-Free,0.0,0.3396071428571429,0.3888214285714286,0.03571428571428571,1.0,0.10714285714285714,0.5660714285714286
dataset_film_famosi,deepseek-ai/DeepSeek-R1-Distill-Llama-70B-free,0.0,0.35114285714285715,0.3697142857142857,0.03571428571428571,1.0,0.17142857142857143,0.6607142857142857
dataset_film_famosi,meta-llama/Llama-3.3-70B-Instruct-Turbo-Free,0.0,0.29928571428571427,0.36364285714285716,0.0,1.0,0.15714285714285717,0.6303571428571428
monumenti_reali,deepseek-ai/DeepSeek-R1-Distill-Llama-70B-free,0.0,0.2791071428571429,0.2734285714285714,0.07142857142857142,1.0,0.16428571428571428,0.5892857142857143
monumenti_reali,meta-llama/Llama-3.3-70B-Instruct-Turbo-Free,0.0,0.2759642857142857,0.28885714285714287,0.03571428571428571,1.0,0.1142857142857143,0.47678571428571426
