table_name,model,avg_valid_efficiency_score,avg_cell_precision,avg_cell_recall,avg_execution_accuracy,avg_tuple_cardinality,avg_tuple_constraint,avg_tuple_order
dataset_animali,deepseek-ai/DeepSeek-R1-Distill-Llama-70B-free,0.0,0.6732857142857143,0.6729642857142857,0.21428571428571427,0.9642857142857143,0.45475000000000004,0.7714285714285715
dataset_animali,meta-llama/Llama-3.3-70B-Instruct-Turbo-Free,0.0,0.6077857142857143,0.7173214285714286,0.10714285714285714,1.0,0.5023928571428572,0.6732142857142857
dataset_auto,deepseek-ai/DeepSeek-R1-Distill-Llama-70B-free,0.0,0.6096071428571428,0.6247857142857143,0.2857142857142857,0.9642857142857143,0.5,0.7999999999999999
dataset_auto,meta-llama/Llama-3.3-70B-Instruct-Turbo-Free,0.0,0.5961071428571428,0.71075,0.21428571428571427,1.0,0.49046428571428574,0.6910714285714287
dataset_film_famosi,deepseek-ai/DeepSeek-R1-Distill-Llama-70B-free,0.0,0.5888928571428572,0.6270357142857143,0.35714285714285715,1.0,0.525,0.7374999999999999
dataset_film_famosi,meta-llama/Llama-3.3-70B-Instruct-Turbo-Free,0.0,0.6653214285714286,0.7221785714285714,0.25,1.0,0.5476071428571428,0.8678571428571429
monumenti_reali,deepseek-ai/DeepSeek-R1-Distill-Llama-70B-free,0.0,0.5258571428571429,0.5237142857142857,0.35714285714285715,0.9642857142857143,0.45,0.7000000000000001
monumenti_reali,meta-llama/Llama-3.3-70B-Instruct-Turbo-Free,0.0,0.7131071428571428,0.7367142857142858,0.35714285714285715,1.0,0.6607142857142857,0.7607142857142858
