table_name,model,avg_valid_efficiency_score,avg_cell_precision,avg_cell_recall,avg_execution_accuracy,avg_tuple_cardinality,avg_tuple_constraint,avg_tuple_order
dataset_animali,deepseek-ai/DeepSeek-R1-Distill-Llama-70B-free,0.0,0.6193928571428572,0.6081428571428571,0.32142857142857145,0.6572857142857143,0.5647857142857143,0.5998035714285714
dataset_animali,meta-llama/Llama-3.3-70B-Instruct-Turbo-Free,0.0,0.47610714285714284,0.4985714285714286,0.17857142857142858,0.4865714285714286,0.36607142857142855,0.41126785714285713
dataset_auto,deepseek-ai/DeepSeek-R1-Distill-Llama-70B-free,0.0,0.4130357142857143,0.3855,0.10714285714285714,0.3444285714285714,0.2825714285714286,0.3812678571428571
dataset_auto,meta-llama/Llama-3.3-70B-Instruct-Turbo-Free,0.0,0.32007142857142856,0.32107142857142856,0.10714285714285714,0.3015,0.2546785714285714,0.30130357142857145
dataset_film_famosi,deepseek-ai/DeepSeek-R1-Distill-Llama-70B-free,0.0,0.6753571428571429,0.6393928571428571,0.42857142857142855,0.6573571428571429,0.5979642857142856,0.592125
dataset_film_famosi,meta-llama/Llama-3.3-70B-Instruct-Turbo-Free,0.0,0.4099285714285714,0.42282142857142857,0.10714285714285714,0.4215,0.2309642857142857,0.3355892857142857
monumenti_reali,deepseek-ai/DeepSeek-R1-Distill-Llama-70B-free,0.0,0.4026428571428572,0.37214285714285716,0.07142857142857142,0.38139285714285714,0.3509285714285714,0.42750000000000005
monumenti_reali,meta-llama/Llama-3.3-70B-Instruct-Turbo-Free,0.0,0.21428571428571427,0.2129285714285714,0.14285714285714285,0.20592857142857143,0.20439285714285713,0.1841964285714286
