table_name,model,avg_valid_efficiency_score,avg_cell_precision,avg_cell_recall,avg_execution_accuracy,avg_tuple_cardinality,avg_tuple_constraint,avg_tuple_order
dataset_animali,deepseek-ai/DeepSeek-R1-Distill-Llama-70B-free,0.0,0.7154999999999999,0.6817142857142857,0.14285714285714285,0.7127857142857142,0.36553571428571424,0.5813571428571428
dataset_animali,meta-llama/Llama-3.3-70B-Instruct-Turbo-Free,0.0,0.4858928571428572,0.519,0.14285714285714285,0.499,0.37896428571428575,0.44592857142857145
dataset_auto,deepseek-ai/DeepSeek-R1-Distill-Llama-70B-free,0.0,0.3884285714285714,0.37239285714285714,0.10714285714285714,0.37089285714285714,0.2679642857142857,0.3894464285714286
dataset_auto,meta-llama/Llama-3.3-70B-Instruct-Turbo-Free,0.0,0.4973571428571429,0.49624999999999997,0.25,0.47764285714285715,0.45035714285714284,0.4793392857142857
dataset_film_famosi,deepseek-ai/DeepSeek-R1-Distill-Llama-70B-free,0.0,0.7644642857142857,0.7093214285714285,0.39285714285714285,0.7535714285714287,0.6138214285714286,0.6545357142857142
dataset_film_famosi,meta-llama/Llama-3.3-70B-Instruct-Turbo-Free,0.0,0.38107142857142856,0.38139285714285714,0.03571428571428571,0.37739285714285714,0.2247857142857143,0.3120357142857143
monumenti_reali,deepseek-ai/DeepSeek-R1-Distill-Llama-70B-free,0.0,0.41025,0.35225,0.0,0.40750000000000003,0.26039285714285715,0.40598214285714285
monumenti_reali,meta-llama/Llama-3.3-70B-Instruct-Turbo-Free,0.0,0.39285714285714285,0.38742857142857146,0.21428571428571427,0.3833214285714286,0.38303571428571426,0.3485357142857143
