table_name,model,avg_valid_efficiency_score,avg_cell_precision,avg_cell_recall,avg_execution_accuracy,avg_tuple_cardinality,avg_tuple_constraint,avg_tuple_order
dataset_animali,deepseek-ai/DeepSeek-R1-Distill-Llama-70B-free,0.0,0.4737857142857143,0.42875,0.0,0.7865714285714286,0.09617857142857143,0.5125357142857142
dataset_animali,meta-llama/Llama-3.3-70B-Instruct-Turbo-Free,0.0,0.4218928571428572,0.3792857142857143,0.0,0.5833214285714285,0.05385714285714286,0.3817857142857143
dataset_auto,deepseek-ai/DeepSeek-R1-Distill-Llama-70B-free,0.0,0.2402142857142857,0.23364285714285712,0.0,0.43025,0.09871428571428571,0.2985178571428571
dataset_auto,meta-llama/Llama-3.3-70B-Instruct-Turbo-Free,0.0,0.31760714285714287,0.292,0.0,0.4145,0.10092857142857144,0.26625
dataset_film_famosi,deepseek-ai/DeepSeek-R1-Distill-Llama-70B-free,0.0,0.5186071428571429,0.5147857142857143,0.10714285714285714,0.6094285714285714,0.4186785714285714,0.38948214285714283
dataset_film_famosi,meta-llama/Llama-3.3-70B-Instruct-Turbo-Free,0.0,0.48410714285714285,0.48607142857142854,0.03571428571428571,0.5388928571428572,0.22974999999999998,0.32673214285714286
monumenti_reali,deepseek-ai/DeepSeek-R1-Distill-Llama-70B-free,0.0,0.2659642857142857,0.24707142857142858,0.0,0.48532142857142857,0.15825,0.33176785714285717
monumenti_reali,meta-llama/Llama-3.3-70B-Instruct-Turbo-Free,0.0,0.3182142857142857,0.3107857142857143,0.0,0.48875,0.23589285714285715,0.284625
