table_name,model,avg_valid_efficiency_score,avg_cell_precision,avg_cell_recall,avg_execution_accuracy,avg_tuple_cardinality,avg_tuple_constraint,avg_tuple_order
BMI,deepseek-ai/DeepSeek-R1-Distill-Llama-70B-free,0.0,0.09465384615384614,0.09442307692307693,0.0,1.0,0.0,0.5
BMI,meta-llama/Llama-3.3-70B-Instruct-Turbo-Free,0.0,0.10253846153846154,0.10311538461538462,0.0,1.0,0.0,0.5
financial,deepseek-ai/DeepSeek-R1-Distill-Llama-70B-free,0.0,0.1490357142857143,0.1740357142857143,0.03571428571428571,0.9642857142857143,0.03571428571428571,0.5
financial,meta-llama/Llama-3.3-70B-Instruct-Turbo-Free,0.0,0.11167857142857143,0.12475000000000001,0.0,1.0,0.014285714285714287,0.48214285714285715
products,deepseek-ai/DeepSeek-R1-Distill-Llama-70B-free,0.0,0.2618214285714286,0.2953928571428572,0.07142857142857142,1.0,0.08928571428571429,0.5357142857142857
products,meta-llama/Llama-3.3-70B-Instruct-Turbo-Free,0.0,0.17235714285714285,0.20082142857142857,0.0,1.0,0.017857142857142856,0.5357142857142857
