table_name,model,avg_valid_efficiency_score,avg_cell_precision,avg_cell_recall,avg_execution_accuracy,avg_tuple_cardinality,avg_tuple_constraint,avg_tuple_order
BMI,deepseek-ai/DeepSeek-R1-Distill-Llama-70B-free,0.0,0.5091923076923077,0.5893076923076923,0.038461538461538464,1.0,0.14103846153846156,0.5576923076923077
BMI,meta-llama/Llama-3.3-70B-Instruct-Turbo-Free,0.0,0.39642307692307693,0.5381538461538462,0.0,0.8846153846153846,0.04615384615384616,0.4423076923076923
financial,deepseek-ai/DeepSeek-R1-Distill-Llama-70B-free,0.0,0.39814285714285713,0.5082857142857142,0.07142857142857142,0.8571428571428571,0.10714285714285714,0.5
financial,meta-llama/Llama-3.3-70B-Instruct-Turbo-Free,0.0,0.32235714285714284,0.4877857142857143,0.0,0.9642857142857143,0.0071428571428571435,0.5
products,deepseek-ai/DeepSeek-R1-Distill-Llama-70B-free,0.0,0.51325,0.6549642857142857,0.07142857142857142,0.8928571428571429,0.10117857142857144,0.5178571428571429
products,meta-llama/Llama-3.3-70B-Instruct-Turbo-Free,0.0,0.45921428571428574,0.5923214285714286,0.10714285714285714,0.9642857142857143,0.11546428571428571,0.5892857142857143
