table_name,model,avg_valid_efficiency_score,avg_cell_precision,avg_cell_recall,avg_execution_accuracy,avg_tuple_cardinality,avg_tuple_constraint,avg_tuple_order
dataset_animali,deepseek-ai/DeepSeek-R1-Distill-Llama-70B-free,0.0,0.7003928571428572,0.6827500000000001,0.10714285714285714,0.8499642857142857,0.3613928571428571,0.6636785714285713
dataset_animali,meta-llama/Llama-3.3-70B-Instruct-Turbo-Free,0.0,0.5616071428571429,0.6012142857142857,0.0,0.6785714285714286,0.4132142857142857,0.5381071428571429
dataset_auto,deepseek-ai/DeepSeek-R1-Distill-Llama-70B-free,0.0,0.6745357142857143,0.6987500000000001,0.10714285714285714,0.8166428571428571,0.57475,0.7231607142857143
dataset_auto,meta-llama/Llama-3.3-70B-Instruct-Turbo-Free,0.0,0.7360714285714286,0.78775,0.17857142857142858,0.8928571428571429,0.44310714285714287,0.7369821428571429
dataset_film_famosi,deepseek-ai/DeepSeek-R1-Distill-Llama-70B-free,0.0,0.6785357142857142,0.7146785714285714,0.14285714285714285,0.8166428571428571,0.5183214285714286,0.7081428571428571
dataset_film_famosi,meta-llama/Llama-3.3-70B-Instruct-Turbo-Free,0.0,0.65075,0.6700714285714285,0.14285714285714285,0.7857142857142857,0.45582142857142854,0.6385
monumenti_reali,deepseek-ai/DeepSeek-R1-Distill-Llama-70B-free,0.0,0.7306785714285714,0.7431785714285715,0.17857142857142858,0.9239642857142857,0.6046785714285715,0.8015892857142858
monumenti_reali,meta-llama/Llama-3.3-70B-Instruct-Turbo-Free,0.0,0.5641071428571428,0.6063571428571429,0.03571428571428571,0.7142857142857143,0.3904642857142857,0.58025
