table_name,model,avg_valid_efficiency_score,avg_cell_precision,avg_cell_recall,avg_execution_accuracy,avg_tuple_cardinality,avg_tuple_constraint,avg_tuple_order
BMI,deepseek-ai/DeepSeek-R1-Distill-Llama-70B-free,0.0,0.1696153846153846,0.1713076923076923,0.0,0.9615384615384616,0.0,0.4807692307692308
energy_consumption,deepseek-ai/DeepSeek-R1-Distill-Llama-70B-free,0.0,0.48378571428571426,0.49025,0.10714285714285714,1.0,0.1142857142857143,0.5714285714285714
financial,deepseek-ai/DeepSeek-R1-Distill-Llama-70B-free,0.0,0.18521428571428572,0.17503571428571427,0.0,1.0,0.021428571428571432,0.5357142857142857
logistics_delivery,deepseek-ai/DeepSeek-R1-Distill-Llama-70B-free,0.0,0.36125,0.3678571428571429,0.10714285714285714,0.9642857142857143,0.17857142857142858,0.5857142857142856
products,deepseek-ai/DeepSeek-R1-Distill-Llama-70B-free,0.0,0.26839285714285716,0.2682857142857143,0.0,0.9642857142857143,0.03571428571428571,0.49107142857142855
student_performance,deepseek-ai/DeepSeek-R1-Distill-Llama-70B-free,0.0,0.4318571428571429,0.4020714285714285,0.17857142857142858,0.9642857142857143,0.20714285714285713,0.5714285714285714
