table_name,model,avg_valid_efficiency_score,avg_cell_precision,avg_cell_recall,avg_execution_accuracy,avg_tuple_cardinality,avg_tuple_constraint,avg_tuple_order
accounts_receivable,deepseek-ai/DeepSeek-R1-Distill-Llama-70B-free,0.0,0.46782142857142855,0.4734285714285714,0.07142857142857142,0.9642857142857143,0.3892857142857143,0.7232142857142857
breast_cancer,deepseek-ai/DeepSeek-R1-Distill-Llama-70B-free,0.0,0.8041071428571429,0.8277857142857143,0.4642857142857143,1.0,0.5839285714285715,0.8392857142857143
fitness_trakers,deepseek-ai/DeepSeek-R1-Distill-Llama-70B-free,0.0,0.64175,0.6699642857142857,0.21428571428571427,0.9285714285714286,0.3904642857142857,0.725
heart_attack,deepseek-ai/DeepSeek-R1-Distill-Llama-70B-free,0.0,0.7857500000000001,0.777892857142857,0.5357142857142857,0.9642857142857143,0.5642857142857143,0.875
mobiles,deepseek-ai/DeepSeek-R1-Distill-Llama-70B-free,0.0,0.6308928571428571,0.6344642857142857,0.32142857142857145,0.8928571428571429,0.3875,0.7071428571428572
olympic_games,deepseek-ai/DeepSeek-R1-Distill-Llama-70B-free,0.0,0.96675,0.96675,0.75,1.0,0.95,1.0
