table_name,model,avg_valid_efficiency_score,avg_cell_precision,avg_cell_recall,avg_execution_accuracy,avg_tuple_cardinality,avg_tuple_constraint,avg_tuple_order
dataset_animali,deepseek-ai/DeepSeek-R1-Distill-Llama-70B-free,0.0,0.2682608695652174,0.26269565217391305,0.0,1.0,0.03152173913043479,0.5434782608695652
dataset_animali,meta-llama/Llama-3.3-70B-Instruct-Turbo-Free,0.0,0.27463043478260873,0.282804347826087,0.0,1.0,0.02897826086956522,0.5543478260869565
dataset_auto,deepseek-ai/DeepSeek-R1-Distill-Llama-70B-free,0.0,0.3788478260869565,0.41189130434782606,0.021739130434782608,0.9782608695652174,0.18223913043478263,0.6021739130434782
dataset_auto,meta-llama/Llama-3.3-70B-Instruct-Turbo-Free,0.0,0.3472173913043478,0.37697826086956526,0.0,1.0,0.09093478260869566,0.5152173913043478
dataset_film_famosi,deepseek-ai/DeepSeek-R1-Distill-Llama-70B-free,0.0,0.3069565217391304,0.3533913043478261,0.0,0.9782608695652174,0.09999999999999999,0.6521739130434783
dataset_film_famosi,meta-llama/Llama-3.3-70B-Instruct-Turbo-Free,0.0,0.3177391304347826,0.37467391304347825,0.0,1.0,0.14202173913043478,0.6119565217391304
monumenti_reali,deepseek-ai/DeepSeek-R1-Distill-Llama-70B-free,0.0,0.2901521739130435,0.3061304347826087,0.043478260869565216,1.0,0.13369565217391305,0.6510869565217391
monumenti_reali,meta-llama/Llama-3.3-70B-Instruct-Turbo-Free,0.0,0.2381304347826087,0.26945652173913043,0.0,1.0,0.075,0.5630434782608695
